"","transect","year","site","treat","plot","Source","plotID","subplotID","nseed","nEm","nEmzt","nFlwr","nR","seedperplot","seedperseed","avLn1new","avJnew","Axtra"
"1","HB","2011","L","TR",1,"L","HB.L.1","HB.L.1.L",25,8,8,5,5,350.428571428571,14,7.125,183.5,"."
"2","HB","2011","L","TR",1,"M","HB.L.1","HB.L.1.M",25,7,7,5,5,696.130158730159,28,8.42857142857143,182.142857142857,"."
"3","HB","2011","L","TR",1,"H","HB.L.1","HB.L.1.H",25,11,11,9,9,346,14,7.45454545454545,181,"."
"4","HB","2011","L","TR",2,"L","HB.L.2","HB.L.2.L",25,10,10,8,8,275.7,11,7.77777777777778,181.8,"."
"5","HB","2011","L","TR",2,"M","HB.L.2","HB.L.2.M",25,10,10,9,9,1197.94523809524,48,9.88888888888889,181.8,"."
"6","HB","2011","L","TR",2,"H","HB.L.2","HB.L.2.H",25,10,10,8,6,233,9,7,181.8,"."
"7","HB","2011","L","TR",3,"L","HB.L.3","HB.L.3.L",25,8,8,7,7,600.52380952381,24,6.85714285714286,182,"."
"8","HB","2011","L","TR",3,"M","HB.L.3","HB.L.3.M",25,6,6,6,6,273.8,11,8.66666666666667,182.333333333333,"."
"9","HB","2011","L","TR",3,"H","HB.L.3","HB.L.3.H",25,16,16,13,12,155,6,6.1875,181.125,"."
"10","HB","2011","L","TR",4,"L","HB.L.4","HB.L.4.L",25,12,12,9,7,111,4,8.33333333333333,181.666666666667,"."
"11","HB","2011","L","TR",4,"M","HB.L.4","HB.L.4.M",25,16,16,14,11,110,4,7.5,181.75,"."
"12","HB","2011","L","TR",4,"H","HB.L.4","HB.L.4.H",25,13,13,13,9,283.5,11,7.07692307692308,181,"."
"13","HB","2011","L","TR",5,"L","HB.L.5","HB.L.5.L",25,12,12,8,4,104.666666666667,4,8,181,"."
"14","HB","2011","L","TR",5,"M","HB.L.5","HB.L.5.M",25,6,6,4,3,64,3,7,191,"."
"15","HB","2011","L","TR",5,"H","HB.L.5","HB.L.5.H",25,7,7,5,4,164.666666666667,7,7.42857142857143,183.857142857143,"."
"16","HB","2011","L","TR",6,"L","HB.L.6","HB.L.6.L",25,13,13,10,5,113,5,7.53846153846154,181,"."
"17","HB","2011","L","TR",6,"M","HB.L.6","HB.L.6.M",25,17,17,15,13,404,16,8.53333333333333,184.764705882353,"."
"18","HB","2011","L","TR",6,"H","HB.L.6","HB.L.6.H",25,13,13,13,13,59,2,5.61538461538461,181,"."
"19","HB","2011","L","TR",7,"L","HB.L.7","HB.L.7.L",25,12,12,11,7,904.857142857143,36,9.83333333333333,181,"."
"20","HB","2011","L","TR",7,"M","HB.L.7","HB.L.7.M",25,5,5,5,5,634.728571428571,25,9.8,181,"."
"21","HB","2011","L","TR",7,"H","HB.L.7","HB.L.7.H",25,7,7,6,6,342.333333333333,14,8,181,"."
"22","HB","2011","L","TR",8,"L","HB.L.8","HB.L.8.L",25,9,9,2,2,48.75,2,5.55555555555556,184,"."
"23","HB","2011","L","TR",8,"M","HB.L.8","HB.L.8.M",25,4,4,3,3,304.666666666667,12,6.25,181,"."
"24","HB","2011","L","TR",8,"H","HB.L.8","HB.L.8.H",25,6,6,6,6,90,4,7.2,181.333333333333,"."
"25","HB","2011","L","TR",9,"L","HB.L.9","HB.L.9.L",25,13,13,13,13,1080.48484848485,43,8.61538461538461,181,"."
"26","HB","2011","L","TR",9,"M","HB.L.9","HB.L.9.M",25,12,12,12,12,1359.54898989899,54,9.33333333333333,181,"."
"27","HB","2011","L","TR",9,"H","HB.L.9","HB.L.9.H",25,4,4,4,4,64,3,7.33333333333333,183.5,"."
"28","HB","2011","L","TR",10,"L","HB.L.10","HB.L.10.L",25,9,9,7,3,60,2,8,181,"."
"29","HB","2011","L","TR",10,"M","HB.L.10","HB.L.10.M",25,11,11,10,8,566,23,9.7,182.818181818182,"."
"30","HB","2011","L","TR",10,"H","HB.L.10","HB.L.10.H",25,14,14,8,4,45,2,7.07142857142857,181.571428571429,"."
"31","HB","2011","M","TR",1,"L","HB.M.1","HB.M.1.L",25,19,19,1,0,0,0,6.42105263157895,180.473684210526,"."
"32","HB","2011","M","TR",1,"M","HB.M.1","HB.M.1.M",25,19,19,11,4,94.5,4,6.38888888888889,180.473684210526,"."
"33","HB","2011","M","TR",1,"H","HB.M.1","HB.M.1.H",25,15,15,13,13,338.233333333333,14,5.86666666666667,180,"."
"34","HB","2011","M","TR",2,"L","HB.M.2","HB.M.2.L",25,18,18,3,0,0,0,6.47058823529412,180.5,"."
"35","HB","2011","M","TR",2,"M","HB.M.2","HB.M.2.M",25,20,20,10,0,0,0,6.2,181.35,"."
"36","HB","2011","M","TR",2,"H","HB.M.2","HB.M.2.H",25,13,11,10,10,1046.95476190476,42,6.46153846153846,180,"."
"37","HB","2011","M","TR",3,"L","HB.M.3","HB.M.3.L",25,21,20,4,2,20,1,5.76190476190476,180,"."
"38","HB","2011","M","TR",3,"M","HB.M.3","HB.M.3.M",25,13,12,7,3,80.75,3,5.30769230769231,180,"."
"39","HB","2011","M","TR",3,"H","HB.M.3","HB.M.3.H",25,15,15,12,11,355,14,5.4,180.8,"."
"40","HB","2011","M","TR",4,"L","HB.M.4","HB.M.4.L",25,14,13,2,2,18.5,1,6.07142857142857,180,"."
"41","HB","2011","M","TR",4,"M","HB.M.4","HB.M.4.M",25,11,10,6,4,107,4,5.7,180.818181818182,"."
"42","HB","2011","M","TR",4,"H","HB.M.4","HB.M.4.H",25,9,9,4,1,24,1,5.22222222222222,180,"."
"43","HB","2011","M","TR",5,"L","HB.M.5","HB.M.5.L",25,11,11,0,0,0,0,4.90909090909091,180,"."
"44","HB","2011","M","TR",5,"M","HB.M.5","HB.M.5.M",25,13,13,4,1,4,0,5.92307692307692,180.692307692308,"."
"45","HB","2011","M","TR",5,"H","HB.M.5","HB.M.5.H",25,17,16,15,14,583.266666666667,23,6.47058823529412,180,"."
"46","HB","2011","M","TR",6,"L","HB.M.6","HB.M.6.L",25,5,5,0,0,0,0,5.2,180,"."
"47","HB","2011","M","TR",6,"M","HB.M.6","HB.M.6.M",25,13,13,4,3,27,1,5.23076923076923,180,"."
"48","HB","2011","M","TR",6,"H","HB.M.6","HB.M.6.H",25,9,9,1,1,5,0,4.625,181,"."
"49","HB","2011","M","TR",7,"L","HB.M.7","HB.M.7.L",25,10,10,5,1,26.6666666666667,1,6,180,"."
"50","HB","2011","M","TR",7,"M","HB.M.7","HB.M.7.M",25,3,3,2,1,113,5,5,180,"."
"51","HB","2011","M","TR",7,"H","HB.M.7","HB.M.7.H",25,1,1,0,0,0,0,4,180,"."
"52","HB","2011","M","TR",8,"L","HB.M.8","HB.M.8.L",25,10,10,8,4,110.613095238095,4,6.3,180.9,"."
"53","HB","2011","M","TR",8,"M","HB.M.8","HB.M.8.M",25,13,13,13,4,388.666666666667,16,8.69230769230769,180,"."
"54","HB","2011","M","TR",8,"H","HB.M.8","HB.M.8.H",25,6,6,5,4,187.5,8,6.8,181.5,"."
"55","HB","2011","M","TR",9,"L","HB.M.9","HB.M.9.L",25,13,13,11,2,167.181818181818,7,7.23076923076923,180,"."
"56","HB","2011","M","TR",9,"M","HB.M.9","HB.M.9.M",25,15,14,14,1,38,2,6.2,180,"."
"57","HB","2011","M","TR",9,"H","HB.M.9","HB.M.9.H",25,1,1,1,1,73,3,9,189,"."
"58","HB","2011","M","TR",10,"L","HB.M.10","HB.M.10.L",25,13,13,3,1,4,0,5.15384615384615,180,"."
"59","HB","2011","M","TR",10,"M","HB.M.10","HB.M.10.M",25,14,14,14,11,394.3,16,6.85714285714286,180,"."
"60","HB","2011","M","TR",10,"H","HB.M.10","HB.M.10.H",25,12,12,9,8,392.25,16,5.58333333333333,180,"."
"61","HB","2011","H","TR",1,"L","HB.H.1","HB.H.1.L",25,6,6,1,1,7.5,0,1.66666666666667,184.666666666667,"."
"62","HB","2011","H","TR",1,"M","HB.H.1","HB.H.1.M",25,0,0,NA,NA,0,0,NA,NA,"."
"63","HB","2011","H","TR",1,"H","HB.H.1","HB.H.1.H",25,5,5,1,0,0,0,2,186.8,"."
"64","HB","2011","H","TR",1,"MT","HB.H.1","HB.H.1.MT",25,2,2,0,0,0,0,0.5,180,"."
"65","HB","2011","H","TR",1,"F","HB.H.1","HB.H.1.F",25,2,2,0,0,0,0,3.5,197,"."
"66","HB","2011","H","TR",2,"L","HB.H.2","HB.H.2.L",25,8,5,0,0,0,0,1,180,"."
"67","HB","2011","H","TR",2,"M","HB.H.2","HB.H.2.M",25,7,6,1,1,2,0,1.71428571428571,182.857142857143,"."
"68","HB","2011","H","TR",2,"H","HB.H.2","HB.H.2.H",25,3,1,0,0,0,0,2,184.666666666667,"."
"69","HB","2011","H","TR",2,"MT","HB.H.2","HB.H.2.MT",25,6,6,3,3,47.6,2,2.5,187,"."
"70","HB","2011","H","TR",2,"F","HB.H.2","HB.H.2.F",25,3,3,1,0,0,0,1.33333333333333,184.666666666667,"."
"71","HB","2011","H","TR",3,"L","HB.H.3","HB.H.3.L",25,4,4,0,0,0,0,1.75,188.5,"."
"72","HB","2011","H","TR",3,"M","HB.H.3","HB.H.3.M",25,14,14,4,3,13,1,1.5,187.642857142857,"."
"73","HB","2011","H","TR",3,"H","HB.H.3","HB.H.3.H",25,8,7,2,2,22,1,1.375,187,"."
"74","HB","2011","H","TR",3,"MT","HB.H.3","HB.H.3.MT",25,6,6,2,1,6,0,2,194.666666666667,"."
"75","HB","2011","H","TR",3,"F","HB.H.3","HB.H.3.F",25,7,5,0,0,0,0,0.714285714285714,180,"."
"76","HB","2011","H","TR",4,"L","HB.H.4","HB.H.4.L",25,2,2,0,0,0,0,2.5,187,"."
"77","HB","2011","H","TR",4,"M","HB.H.4","HB.H.4.M",25,3,3,0,0,0,0,2,180,"."
"78","HB","2011","H","TR",4,"H","HB.H.4","HB.H.4.H",25,3,3,2,1,22,1,1.66666666666667,184.666666666667,"."
"79","HB","2011","H","TR",4,"MT","HB.H.4","HB.H.4.MT",25,2,2,1,1,51.6,2,4,187,"."
"80","HB","2011","H","TR",4,"F","HB.H.4","HB.H.4.F",25,1,1,0,0,0,0,2,180,"."
"81","HB","2011","H","TR",5,"L","HB.H.5","HB.H.5.L",25,5,5,0,0,0,0,1.8,182.8,"."
"82","HB","2011","H","TR",5,"M","HB.H.5","HB.H.5.M",25,3,2,1,0,0,0,2,180,"."
"83","HB","2011","H","TR",5,"H","HB.H.5","HB.H.5.H",25,1,1,0,0,0,0,2,194,"."
"84","HB","2011","H","TR",5,"MT","HB.H.5","HB.H.5.MT",25,0,0,NA,NA,0,0,NA,NA,"."
"85","HB","2011","H","TR",5,"F","HB.H.5","HB.H.5.F",25,0,0,NA,NA,0,0,NA,NA,"."
"86","HB","2011","H","TR",6,"L","HB.H.6","HB.H.6.L",25,11,9,2,0,0,0,2.5,185.454545454545,"."
"87","HB","2011","H","TR",6,"M","HB.H.6","HB.H.6.M",25,13,13,9,5,116,5,2.92307692307692,182.153846153846,"."
"88","HB","2011","H","TR",6,"H","HB.H.6","HB.H.6.H",25,4,4,3,2,78.6666666666667,3,3.25,187,"."
"89","HB","2011","H","TR",6,"MT","HB.H.6","HB.H.6.MT",25,3,3,1,1,3,0,3,186.666666666667,"."
"90","HB","2011","H","TR",6,"F","HB.H.6","HB.H.6.F",25,9,8,5,5,154,6,3.66666666666667,184.666666666667,"."
"91","HB","2011","H","TR",7,"L","HB.H.7","HB.H.7.L",25,1,0,0,0,0,0,4,180,"."
"92","HB","2011","H","TR",7,"M","HB.H.7","HB.H.7.M",25,0,0,NA,NA,0,0,NA,NA,"."
"93","HB","2011","H","TR",7,"H","HB.H.7","HB.H.7.H",25,0,0,NA,NA,0,0,NA,NA,"."
"94","HB","2011","H","TR",7,"MT","HB.H.7","HB.H.7.MT",25,8,8,4,3,187.916666666667,8,4,189.5,"."
"95","HB","2011","H","TR",7,"F","HB.H.7","HB.H.7.F",25,7,5,3,3,141.65,6,2.71428571428571,182,"."
"96","HB","2011","H","TR",8,"L","HB.H.8","HB.H.8.L",25,0,0,NA,NA,0,0,NA,NA,"."
"97","HB","2011","H","TR",8,"M","HB.H.8","HB.H.8.M",25,11,10,2,0,0,0,3.09090909090909,190.545454545455,"."
"98","HB","2011","H","TR",8,"H","HB.H.8","HB.H.8.H",25,5,4,3,2,16,1,1.2,185.6,"."
"99","HB","2011","H","TR",8,"MT","HB.H.8","HB.H.8.MT",25,4,2,1,1,4,0,1.75,188.5,"."
"100","HB","2011","H","TR",8,"F","HB.H.8","HB.H.8.F",25,5,5,2,0,0,0,1,180,"."
"101","HB","2011","H","TR",9,"L","HB.H.9","HB.H.9.L",25,1,1,0,0,0,0,1,200,"."
"102","HB","2011","H","TR",9,"M","HB.H.9","HB.H.9.M",25,4,4,0,0,0,0,2,185,"."
"103","HB","2011","H","TR",9,"H","HB.H.9","HB.H.9.H",25,4,4,0,0,0,0,2.5,188.5,"."
"104","HB","2011","H","TR",9,"MT","HB.H.9","HB.H.9.MT",25,3,3,0,0,0,0,5,206.666666666667,"."
"105","HB","2011","H","TR",9,"F","HB.H.9","HB.H.9.F",25,1,1,0,0,0,0,5,200,"."
"106","HB","2011","H","TR",10,"L","HB.H.10","HB.H.10.L",25,4,3,0,0,0,0,0.75,180,"."
"107","HB","2011","H","TR",10,"M","HB.H.10","HB.H.10.M",25,8,8,0,0,0,0,1.85714285714286,183.25,"."
"108","HB","2011","H","TR",10,"H","HB.H.10","HB.H.10.H",25,3,3,0,0,0,0,2,189.333333333333,"."
"109","HB","2011","H","TR",10,"MT","HB.H.10","HB.H.10.MT",25,4,4,0,0,0,0,1.5,183.5,"."
"110","HB","2011","H","TR",10,"F","HB.H.10","HB.H.10.F",25,0,0,NA,NA,0,0,NA,NA,"."
"111","HB","2011","HE","TR",1,"L","HB.HE.1","HB.HE.1.L",25,3,3,0,0,0,0,4.33333333333333,200,"."
"112","HB","2011","HE","TR",1,"M","HB.HE.1","HB.HE.1.M",25,4,4,0,0,0,0,5,199.25,"."
"113","HB","2011","HE","TR",1,"H","HB.HE.1","HB.HE.1.H",25,0,0,NA,NA,0,0,NA,NA,"."
"114","HB","2011","HE","TR",1,"E","HB.HE.1","HB.HE.1.E",20,2,1,1,1,13,1,2,183,"."
"115","HB","2011","HE","TR",1,"MT","HB.HE.1","HB.HE.1.MT",25,7,6,2,0,0,0,2.14285714285714,187.714285714286,"."
"116","HB","2011","HE","TR",1,"F","HB.HE.1","HB.HE.1.F",25,1,1,0,0,0,0,1,183,"."
"117","HB","2011","HE","TR",2,"L","HB.HE.2","HB.HE.2.L",25,10,10,0,0,0,0,3.2,192.2,"."
"118","HB","2011","HE","TR",2,"M","HB.HE.2","HB.HE.2.M",25,1,1,0,0,0,0,2,183,"."
"119","HB","2011","HE","TR",2,"H","HB.HE.2","HB.HE.2.H",25,0,0,NA,NA,0,0,NA,NA,"."
"120","HB","2011","HE","TR",2,"E","HB.HE.2","HB.HE.2.E",20,0,0,NA,NA,0,0,NA,NA,"."
"121","HB","2011","HE","TR",2,"MT","HB.HE.2","HB.HE.2.MT",25,10,10,3,0,0,0,3.1,189.8,"."
"122","HB","2011","HE","TR",2,"F","HB.HE.2","HB.HE.2.F",25,1,1,1,0,0,0,6,207,"."
"123","HB","2011","HE","TR",3,"L","HB.HE.3","HB.HE.3.L",25,13,13,1,0,0,0,0.583333333333333,189.076923076923,"."
"124","HB","2011","HE","TR",3,"M","HB.HE.3","HB.HE.3.M",25,14,14,2,2,29.04,1,2.21428571428571,191.857142857143,"."
"125","HB","2011","HE","TR",3,"H","HB.HE.3","HB.HE.3.H",25,0,0,NA,NA,0,0,NA,NA,"."
"126","HB","2011","HE","TR",3,"E","HB.HE.3","HB.HE.3.E",20,2,2,0,0,0,0,0.5,183,"."
"127","HB","2011","HE","TR",3,"MT","HB.HE.3","HB.HE.3.MT",25,7,7,1,1,17,1,1.14285714285714,185.428571428571,"."
"128","HB","2011","HE","TR",3,"F","HB.HE.3","HB.HE.3.F",25,1,1,0,0,0,0,3,200,"."
"129","HB","2011","HE","TR",4,"L","HB.HE.4","HB.HE.4.L",25,6,6,1,0,0,0,1.83333333333333,188.666666666667,"."
"130","HB","2011","HE","TR",4,"M","HB.HE.4","HB.HE.4.M",25,10,10,2,0,0,0,2.4,188.8,"."
"131","HB","2011","HE","TR",4,"H","HB.HE.4","HB.HE.4.H",25,3,3,2,1,16,1,1.33333333333333,183,"."
"132","HB","2011","HE","TR",4,"E","HB.HE.4","HB.HE.4.E",20,4,4,1,0,0,0,1.75,187.25,"."
"133","HB","2011","HE","TR",4,"MT","HB.HE.4","HB.HE.4.MT",25,12,12,4,0,0,0,1.58333333333333,185.833333333333,"."
"134","HB","2011","HE","TR",4,"F","HB.HE.4","HB.HE.4.F",25,8,8,3,2,50,2,1.25,183,"."
"135","HB","2011","HE","TR",5,"L","HB.HE.5","HB.HE.5.L",25,4,4,2,0,0,0,4.66666666666667,201.75,"."
"136","HB","2011","HE","TR",5,"M","HB.HE.5","HB.HE.5.M",25,8,8,0,0,0,0,2.625,193.125,"."
"137","HB","2011","HE","TR",5,"H","HB.HE.5","HB.HE.5.H",25,1,1,0,0,0,0,0,183,"."
"138","HB","2011","HE","TR",5,"E","HB.HE.5","HB.HE.5.E",20,2,2,0,0,0,0,4.5,200,"."
"139","HB","2011","HE","TR",5,"MT","HB.HE.5","HB.HE.5.MT",25,1,1,0,0,0,0,2,207,"."
"140","HB","2011","HE","TR",5,"F","HB.HE.5","HB.HE.5.F",25,3,3,0,0,0,0,3.33333333333333,191,"."
"141","HB","2011","HE","TR",6,"L","HB.HE.6","HB.HE.6.L",25,13,13,0,0,0,0,1.15384615384615,185.461538461538,"."
"142","HB","2011","HE","TR",6,"M","HB.HE.6","HB.HE.6.M",25,10,10,1,1,14.52,1,1.5,184.7,"."
"143","HB","2011","HE","TR",6,"H","HB.HE.6","HB.HE.6.H",25,7,7,2,0,0,0,1.28571428571429,185.428571428571,"."
"144","HB","2011","HE","TR",6,"E","HB.HE.6","HB.HE.6.E",20,1,1,0,0,0,0,1,183,"."
"145","HB","2011","HE","TR",6,"MT","HB.HE.6","HB.HE.6.MT",25,10,10,0,0,0,0,0.4,183,"."
"146","HB","2011","HE","TR",6,"F","HB.HE.6","HB.HE.6.F",25,6,6,0,0,0,0,1.33333333333333,185.833333333333,"."
"147","HB","2011","HE","TR",7,"L","HB.HE.7","HB.HE.7.L",25,11,11,2,0,0,0,2.18181818181818,191.363636363636,"."
"148","HB","2011","HE","TR",7,"M","HB.HE.7","HB.HE.7.M",25,0,0,NA,NA,0,0,NA,NA,"."
"149","HB","2011","HE","TR",7,"H","HB.HE.7","HB.HE.7.H",25,6,6,0,0,0,0,2.5,192.666666666667,"."
"150","HB","2011","HE","TR",7,"E","HB.HE.7","HB.HE.7.E",20,4,4,2,2,7,0,3.25,193.25,"."
"151","HB","2011","HE","TR",7,"MT","HB.HE.7","HB.HE.7.MT",25,14,14,1,0,0,0,1.57142857142857,187.142857142857,"."
"152","HB","2011","HE","TR",7,"F","HB.HE.7","HB.HE.7.F",25,4,4,2,1,42,2,1,183,"."
"153","HB","2011","HE","TR",8,"L","HB.HE.8","HB.HE.8.L",25,2,2,1,0,0,0,3.5,191.5,"."
"154","HB","2011","HE","TR",8,"M","HB.HE.8","HB.HE.8.M",25,6,6,3,1,7.26,0,3,188.666666666667,"."
"155","HB","2011","HE","TR",8,"H","HB.HE.8","HB.HE.8.H",25,3,3,1,0,0,0,3,196.666666666667,"."
"156","HB","2011","HE","TR",8,"E","HB.HE.8","HB.HE.8.E",20,2,2,1,0,0,0,3,195,"."
"157","HB","2011","HE","TR",8,"MT","HB.HE.8","HB.HE.8.MT",25,8,8,1,0,0,0,1.875,185.125,"."
"158","HB","2011","HE","TR",8,"F","HB.HE.8","HB.HE.8.F",25,5,5,1,0,0,0,1.2,183,"."
"159","HB","2011","HE","TR",9,"L","HB.HE.9","HB.HE.9.L",25,9,9,2,1,15,1,3.25,200.777777777778,"."
"160","HB","2011","HE","TR",9,"M","HB.HE.9","HB.HE.9.M",25,15,15,1,0,0,0,3.06666666666667,200,"."
"161","HB","2011","HE","TR",9,"H","HB.HE.9","HB.HE.9.H",25,8,8,0,0,0,0,2.28571428571429,200.875,"."
"162","HB","2011","HE","TR",9,"E","HB.HE.9","HB.HE.9.E",20,6,6,1,0,0,0,2,200,"."
"163","HB","2011","HE","TR",9,"MT","HB.HE.9","HB.HE.9.MT",25,11,11,0,0,0,0,1.81818181818182,201.272727272727,"."
"164","HB","2011","HE","TR",9,"F","HB.HE.9","HB.HE.9.F",25,6,6,1,1,7.26,0,3.16666666666667,204.666666666667,"."
"165","HB","2011","HE","TR",10,"L","HB.HE.10","HB.HE.10.L",25,6,6,1,0,0,0,1.5,188.666666666667,"."
"166","HB","2011","HE","TR",10,"M","HB.HE.10","HB.HE.10.M",25,4,4,0,0,0,0,1.75,187.25,"."
"167","HB","2011","HE","TR",10,"H","HB.HE.10","HB.HE.10.H",25,0,0,NA,NA,0,0,NA,NA,"."
"168","HB","2011","HE","TR",10,"E","HB.HE.10","HB.HE.10.E",20,3,3,1,0,0,0,1.66666666666667,188.666666666667,"."
"169","HB","2011","HE","TR",10,"MT","HB.HE.10","HB.HE.10.MT",25,15,15,2,1,3,0,2.92307692307692,202.6,"."
"170","HB","2011","HE","TR",10,"F","HB.HE.10","HB.HE.10.F",25,9,9,2,1,0,0,0.888888888888889,183,"."
"171","HB","2011","A","TR",1,"L","HB.A.1","HB.A.1.L",25,3,3,0,0,0,0,1.66666666666667,190.333333333333,"."
"172","HB","2011","A","TR",1,"M","HB.A.1","HB.A.1.M",25,4,4,2,0,0,0,1.5,190.25,"."
"173","HB","2011","A","TR",1,"H","HB.A.1","HB.A.1.H",25,0,0,NA,NA,0,0,NA,NA,"."
"174","HB","2011","A","TR",1,"MT","HB.A.1","HB.A.1.MT",25,0,0,NA,NA,0,0,NA,NA,"."
"175","HB","2011","A","TR",1,"F","HB.A.1","HB.A.1.F",25,1,1,0,0,0,0,3,220,"."
"176","HB","2011","A","TR",2,"L","HB.A.2","HB.A.2.L",25,2,2,0,0,0,0,4.5,229,"."
"177","HB","2011","A","TR",2,"M","HB.A.2","HB.A.2.M",25,4,4,2,0,0,0,1.75,190.25,"."
"178","HB","2011","A","TR",2,"H","HB.A.2","HB.A.2.H",25,1,1,0,0,0,0,0,201,"."
"179","HB","2011","A","TR",2,"MT","HB.A.2","HB.A.2.MT",25,1,1,0,0,0,0,1,183,"."
"180","HB","2011","A","TR",2,"F","HB.A.2","HB.A.2.F",25,0,0,NA,NA,0,0,NA,NA,"."
"181","HB","2011","A","TR",3,"L","HB.A.3","HB.A.3.L",25,6,6,0,0,0,0,1,189.666666666667,"."
"182","HB","2011","A","TR",3,"M","HB.A.3","HB.A.3.M",25,4,4,0,0,0,0,1.5,196.25,"."
"183","HB","2011","A","TR",3,"H","HB.A.3","HB.A.3.H",25,4,4,1,1,8,0,1.5,191.25,"."
"184","HB","2011","A","TR",3,"MT","HB.A.3","HB.A.3.MT",25,4,3,0,0,0,0,0.75,191.75,"."
"185","HB","2011","A","TR",3,"F","HB.A.3","HB.A.3.F",25,5,2,1,0,0,0,1,187.4,"."
"186","HB","2011","A","TR",4,"L","HB.A.4","HB.A.4.L",25,0,0,NA,NA,0,0,NA,NA,"."
"187","HB","2011","A","TR",4,"M","HB.A.4","HB.A.4.M",25,0,0,NA,NA,0,0,NA,NA,"."
"188","HB","2011","A","TR",4,"H","HB.A.4","HB.A.4.H",25,2,2,1,0,0,0,3,211,"."
"189","HB","2011","A","TR",4,"MT","HB.A.4","HB.A.4.MT",25,0,0,NA,NA,0,0,NA,NA,"."
"190","HB","2011","A","TR",4,"F","HB.A.4","HB.A.4.F",25,0,0,NA,NA,0,0,NA,NA,"."
"191","HB","2011","A","TR",5,"L","HB.A.5","HB.A.5.L",25,3,3,0,0,0,0,2,196.333333333333,"."
"192","HB","2011","A","TR",5,"M","HB.A.5","HB.A.5.M",25,1,1,0,0,0,0,2,194,"."
"193","HB","2011","A","TR",5,"H","HB.A.5","HB.A.5.H",25,3,3,0,0,0,0,2,200.666666666667,"."
"194","HB","2011","A","TR",5,"MT","HB.A.5","HB.A.5.MT",25,4,4,0,0,0,0,1.25,192,"."
"195","HB","2011","A","TR",5,"F","HB.A.5","HB.A.5.F",25,2,2,1,0,0,0,2.5,200.5,"."
"196","HB","2011","A","TR",6,"L","HB.A.6","HB.A.6.L",25,0,0,NA,NA,0,0,NA,NA,"."
"197","HB","2011","A","TR",6,"M","HB.A.6","HB.A.6.M",25,0,0,NA,NA,0,0,NA,NA,"."
"198","HB","2011","A","TR",6,"H","HB.A.6","HB.A.6.H",25,2,2,1,0,0,0,0.5,183,"."
"199","HB","2011","A","TR",6,"MT","HB.A.6","HB.A.6.MT",25,2,1,1,0,0,0,0.5,183,"."
"200","HB","2011","A","TR",6,"F","HB.A.6","HB.A.6.F",25,1,1,0,0,0,0,1,183,"."
"201","HB","2011","A","TR",7,"L","HB.A.7","HB.A.7.L",25,3,3,2,0,0,0,2.33333333333333,197,"."
"202","HB","2011","A","TR",7,"M","HB.A.7","HB.A.7.M",25,0,0,NA,NA,0,0,NA,NA,"."
"203","HB","2011","A","TR",7,"H","HB.A.7","HB.A.7.H",25,0,0,NA,NA,0,0,NA,NA,"."
"204","HB","2011","A","TR",7,"MT","HB.A.7","HB.A.7.MT",25,0,0,NA,NA,0,0,NA,NA,"."
"205","HB","2011","A","TR",7,"F","HB.A.7","HB.A.7.F",25,0,0,NA,NA,0,0,NA,NA,"."
"206","HB","2011","A","TR",8,"L","HB.A.8","HB.A.8.L",25,7,6,1,0,0,0,1.85714285714286,190.428571428571,"."
"207","HB","2011","A","TR",8,"M","HB.A.8","HB.A.8.M",25,0,0,NA,NA,0,0,NA,NA,"."
"208","HB","2011","A","TR",8,"H","HB.A.8","HB.A.8.H",25,0,0,NA,NA,0,0,NA,NA,"."
"209","HB","2011","A","TR",8,"MT","HB.A.8","HB.A.8.MT",25,2,2,1,0,0,0,2.5,197.5,"."
"210","HB","2011","A","TR",8,"F","HB.A.8","HB.A.8.F",25,0,0,NA,NA,0,0,NA,NA,"."
"211","HB","2011","A","TR",9,"L","HB.A.9","HB.A.9.L",25,0,0,NA,NA,0,0,NA,NA,"."
"212","HB","2011","A","TR",9,"M","HB.A.9","HB.A.9.M",25,0,0,NA,NA,0,0,NA,NA,"."
"213","HB","2011","A","TR",9,"H","HB.A.9","HB.A.9.H",25,2,2,2,0,0,0,1.5,195,"."
"214","HB","2011","A","TR",9,"MT","HB.A.9","HB.A.9.MT",25,0,0,NA,NA,0,0,NA,NA,"."
"215","HB","2011","A","TR",9,"F","HB.A.9","HB.A.9.F",25,2,2,2,0,0,0,3.5,202,"."
"216","HB","2011","A","TR",10,"L","HB.A.10","HB.A.10.L",25,0,0,NA,NA,0,0,NA,NA,"."
"217","HB","2011","A","TR",10,"M","HB.A.10","HB.A.10.M",25,0,0,NA,NA,0,0,NA,NA,"."
"218","HB","2011","A","TR",10,"H","HB.A.10","HB.A.10.H",25,2,2,0,0,0,0,1.5,195,"."
"219","HB","2011","A","TR",10,"MT","HB.A.10","HB.A.10.MT",25,0,0,NA,NA,0,0,NA,NA,"."
"220","HB","2011","A","TR",10,"F","HB.A.10","HB.A.10.F",25,1,1,0,0,0,0,1,183,"."
"321","HB","2012","L","TR",11,"L","HB.L.11","HB.L.11.L",25,8,8,1,1,0,0,5.5,163,"."
"322","HB","2012","L","TR",11,"M","HB.L.11","HB.L.11.M",25,1,1,1,1,1,0,7,163,"."
"323","HB","2012","L","TR",11,"H","HB.L.11","HB.L.11.H",25,1,1,0,0,0,0,8,163,"."
"324","HB","2012","L","TR",12,"L","HB.L.12","HB.L.12.L",25,7,7,3,3,0,0,6,163,"."
"325","HB","2012","L","TR",12,"M","HB.L.12","HB.L.12.M",25,2,2,2,2,9,0,7,170,"."
"326","HB","2012","L","TR",12,"H","HB.L.12","HB.L.12.H",25,4,4,1,0,0,0,7,166.5,"."
"327","HB","2012","L","TR",13,"L","HB.L.13","HB.L.13.L",25,14,14,7,3,75.0357142857143,3,5.71428571428571,165.214285714286,"."
"328","HB","2012","L","TR",13,"M","HB.L.13","HB.L.13.M",25,2,2,1,1,60.2,2,7,163,"."
"329","HB","2012","L","TR",13,"H","HB.L.13","HB.L.13.H",25,2,2,0,0,0,0,5.5,163,"."
"330","HB","2012","L","TR",14,"L","HB.L.14","HB.L.14.L",25,6,6,6,3,322.722222222222,13,7.33333333333333,163,"."
"331","HB","2012","L","TR",14,"M","HB.L.14","HB.L.14.M",25,3,3,3,3,155,6,7.33333333333333,163,"."
"332","HB","2012","L","TR",14,"H","HB.L.14","HB.L.14.H",25,1,1,0,0,0,0,5,163,"."
"333","HB","2012","L","TR",15,"L","HB.L.15","HB.L.15.L",25,12,12,11,10,202.380952380952,8,8.16666666666667,163,"."
"334","HB","2012","L","TR",15,"M","HB.L.15","HB.L.15.M",25,6,6,5,5,127.742857142857,5,8.5,163,"."
"335","HB","2012","L","TR",15,"H","HB.L.15","HB.L.15.H",25,1,1,1,1,9,0,9,163,"."
"336","HB","2012","L","TR",16,"L","HB.L.16","HB.L.16.L",25,9,9,7,5,156.05,6,7.66666666666667,163,"."
"337","HB","2012","L","TR",16,"M","HB.L.16","HB.L.16.M",25,0,0,NA,NA,0,0,NA,NA,"."
"338","HB","2012","L","TR",16,"H","HB.L.16","HB.L.16.H",25,3,3,1,1,21.7142857142857,1,6.33333333333333,163,"."
"339","HB","2012","L","TR",17,"L","HB.L.17","HB.L.17.L",25,6,6,2,0,0,0,7,165.333333333333,"."
"340","HB","2012","L","TR",17,"M","HB.L.17","HB.L.17.M",25,8,8,5,2,54,2,8,163,"."
"341","HB","2012","L","TR",17,"H","HB.L.17","HB.L.17.H",25,0,0,NA,NA,0,0,NA,NA,"."
"342","HB","2012","L","TR",18,"L","HB.L.18","HB.L.18.L",25,4,4,2,1,95.1428571428571,4,9.25,163,"."
"343","HB","2012","L","TR",18,"M","HB.L.18","HB.L.18.M",25,5,5,2,1,19,1,6.4,166,"."
"344","HB","2012","L","TR",18,"H","HB.L.18","HB.L.18.H",25,1,1,0,0,0,0,7,163,"."
"345","HB","2012","L","TR",19,"L","HB.L.19","HB.L.19.L",25,6,6,4,3,162,6,5.83333333333333,163,"."
"346","HB","2012","L","TR",19,"M","HB.L.19","HB.L.19.M",25,4,4,1,0,0,0,7,163,"."
"347","HB","2012","L","TR",19,"H","HB.L.19","HB.L.19.H",25,1,1,0,0,0,0,11,194,"."
"348","HB","2012","L","TR",21,"L","HB.L.21","HB.L.21.L",25,5,5,4,1,104,4,7,166,"."
"349","HB","2012","L","TR",21,"M","HB.L.21","HB.L.21.M",25,4,4,0,0,0,0,6.75,163,"."
"350","HB","2012","L","TR",21,"H","HB.L.21","HB.L.21.H",25,1,1,1,1,9,0,5,163,"."
"351","HB","2012","L","TR",22,"L","HB.L.22","HB.L.22.L",25,4,4,2,2,63,3,6.75,163,"."
"352","HB","2012","L","TR",22,"M","HB.L.22","HB.L.22.M",25,8,8,3,0,0,0,9,163,"."
"353","HB","2012","L","TR",22,"H","HB.L.22","HB.L.22.H",25,0,0,NA,NA,0,0,NA,NA,"."
"354","HB","2012","L","TR",23,"L","HB.L.23","HB.L.23.L",25,9,9,6,1,84.6,3,5.88888888888889,163,"."
"355","HB","2012","L","TR",23,"M","HB.L.23","HB.L.23.M",25,1,1,0,0,0,0,6,163,"."
"356","HB","2012","L","TR",23,"H","HB.L.23","HB.L.23.H",25,2,2,1,0,0,0,6,163,"."
"357","HB","2012","L","TR",24,"L","HB.L.24","HB.L.24.L",25,9,9,1,0,0,0,7.11111111111111,163,"."
"358","HB","2012","L","TR",24,"M","HB.L.24","HB.L.24.M",25,4,4,1,0,0,0,6.75,166.75,"."
"359","HB","2012","L","TR",24,"H","HB.L.24","HB.L.24.H",25,4,4,2,2,24,1,7,163,"."
"360","HB","2012","L","TR",25,"L","HB.L.25","HB.L.25.L",25,10,10,7,7,239.5,10,8,163,"."
"361","HB","2012","L","TR",25,"M","HB.L.25","HB.L.25.M",25,5,5,5,5,602.375,24,7.4,163,"."
"362","HB","2012","L","TR",25,"H","HB.L.25","HB.L.25.H",25,0,0,NA,NA,0,0,NA,NA,"."
"363","HB","2012","M","TR",11,"L","HB.M.11","HB.M.11.L",25,11,11,9,3,117,5,6.45454545454545,179,"."
"364","HB","2012","M","TR",11,"M","HB.M.11","HB.M.11.M",25,17,17,17,15,420.69880952381,17,8.23529411764706,179.823529411765,"."
"365","HB","2012","M","TR",11,"H","HB.M.11","HB.M.11.H",25,8,8,8,8,765.716666666667,31,7.75,179,"."
"366","HB","2012","M","TR",12,"M","HB.M.12","HB.M.12.M",25,11,11,10,9,553.043557422969,22,7.27272727272727,179,"."
"367","HB","2012","M","TR",12,"H","HB.M.12","HB.M.12.H",25,7,7,6,6,452.65,18,7.28571428571429,179,"."
"368","HB","2012","M","TR",13,"L","HB.M.13","HB.M.13.L",25,13,13,12,11,1275.52023809524,51,7.61538461538461,185.692307692308,"."
"369","HB","2012","M","TR",13,"M","HB.M.13","HB.M.13.M",25,5,5,5,4,506.294505494506,20,7.8,178,"."
"370","HB","2012","M","TR",13,"H","HB.M.13","HB.M.13.H",25,8,8,8,8,504.233333333333,20,7.875,178,"."
"371","HB","2012","M","TR",14,"M","HB.M.14","HB.M.14.M",25,10,10,10,8,524,21,8.2,179,"."
"372","HB","2012","M","TR",14,"H","HB.M.14","HB.M.14.H",25,6,6,6,6,500.916666666667,20,8.5,179,"."
"373","HB","2012","M","TR",15,"L","HB.M.15","HB.M.15.L",25,13,13,12,8,239.933333333333,10,6.07692307692308,178,"."
"374","HB","2012","M","TR",15,"M","HB.M.15","HB.M.15.M",25,5,5,5,3,387.913919413919,16,6.8,178,"."
"375","HB","2012","M","TR",15,"H","HB.M.15","HB.M.15.H",25,1,1,1,1,93.6,4,7,178,"."
"376","HB","2012","M","TR",16,"M","HB.M.16","HB.M.16.M",25,6,6,6,5,534.815476190476,21,9.16666666666667,179,"."
"377","HB","2012","M","TR",16,"H","HB.M.16","HB.M.16.H",25,3,3,3,3,238.866666666667,10,9.33333333333333,179,"."
"378","HB","2012","M","TR",17,"L","HB.M.17","HB.M.17.L",25,1,1,1,1,705.272058823529,28,9,178,"."
"379","HB","2012","M","TR",17,"M","HB.M.17","HB.M.17.M",25,8,8,8,8,1194.59285714286,48,8.125,178,"."
"380","HB","2012","M","TR",17,"H","HB.M.17","HB.M.17.H",25,0,0,NA,NA,0,0,NA,NA,"."
"381","HB","2012","M","TR",18,"M","HB.M.18","HB.M.18.M",25,1,1,1,1,218.75,9,13,200,"."
"382","HB","2012","M","TR",18,"H","HB.M.18","HB.M.18.H",25,0,0,NA,NA,0,0,NA,NA,"."
"383","HB","2012","M","TR",19,"L","HB.M.19","HB.M.19.L",25,6,6,6,3,208.5,8,8.83333333333333,182.5,"."
"384","HB","2012","M","TR",19,"M","HB.M.19","HB.M.19.M",25,0,0,NA,NA,0,0,NA,NA,"."
"385","HB","2012","M","TR",19,"H","HB.M.19","HB.M.19.H",25,0,0,NA,NA,0,0,NA,NA,"."
"386","HB","2012","M","TR",20,"M","HB.M.20","HB.M.20.M",25,2,2,2,1,0,0,7.5,179,"."
"387","HB","2012","M","TR",20,"H","HB.M.20","HB.M.20.H",25,2,2,2,2,23,1,7,179,"."
"388","HB","2012","M","TR",21,"L","HB.M.21","HB.M.21.L",25,7,7,6,3,868.272727272727,35,8.42857142857143,181,"."
"389","HB","2012","M","TR",21,"M","HB.M.21","HB.M.21.M",25,4,4,4,3,21.5,1,7.75,179,"."
"390","HB","2012","M","TR",21,"H","HB.M.21","HB.M.21.H",25,0,0,NA,NA,0,0,NA,NA,"."
"391","HB","2012","M","TR",22,"M","HB.M.22","HB.M.22.M",25,1,1,1,1,360.675324675325,14,8,179,"."
"392","HB","2012","M","TR",22,"H","HB.M.22","HB.M.22.H",25,1,1,0,0,0,0,4,179,"."
"393","HB","2012","M","TR",23,"L","HB.M.23","HB.M.23.L",25,2,2,2,2,478.247863247863,19,8.5,179,"."
"394","HB","2012","M","TR",23,"M","HB.M.23","HB.M.23.M",25,0,0,NA,NA,0,0,NA,NA,"."
"395","HB","2012","M","TR",23,"H","HB.M.23","HB.M.23.H",25,1,1,0,0,0,0,9,179,"."
"396","HB","2012","M","TR",24,"M","HB.M.24","HB.M.24.M",25,3,3,3,2,240.5,10,10.3333333333333,183.666666666667,"."
"397","HB","2012","M","TR",24,"H","HB.M.24","HB.M.24.H",25,3,3,3,3,0,0,9,183.666666666667,"."
"398","HB","2012","M","TR",25,"L","HB.M.25","HB.M.25.L",25,1,1,0,0,0,0,2,179,"."
"399","HB","2012","M","TR",25,"M","HB.M.25","HB.M.25.M",25,0,0,NA,NA,0,0,NA,NA,"."
"400","HB","2012","M","TR",25,"H","HB.M.25","HB.M.25.H",25,0,0,NA,NA,0,0,NA,NA,"."
"401","HB","2012","M","TR",26,"M","HB.M.26","HB.M.26.M",25,0,0,NA,NA,0,0,NA,NA,"."
"402","HB","2012","M","TR",26,"H","HB.M.26","HB.M.26.H",25,0,0,NA,NA,0,0,NA,NA,"."
"403","HB","2012","M","TR",27,"L","HB.M.27","HB.M.27.L",25,9,9,9,6,1886.51538461538,75,9,179,"."
"404","HB","2012","M","TR",27,"M","HB.M.27","HB.M.27.M",25,8,8,8,2,35.5,1,8.875,184.875,"."
"405","HB","2012","M","TR",27,"H","HB.M.27","HB.M.27.H",25,0,0,NA,NA,0,0,NA,NA,"."
"406","HB","2012","M","TR",28,"M","HB.M.28","HB.M.28.M",25,2,2,2,0,0,0,12,185.5,"."
"407","HB","2012","M","TR",28,"H","HB.M.28","HB.M.28.H",25,1,1,1,1,19,1,8,178,"."
"408","HB","2012","M","TR",29,"L","HB.M.29","HB.M.29.L",25,8,8,7,3,427.242424242424,17,8,178,"."
"409","HB","2012","M","TR",29,"M","HB.M.29","HB.M.29.M",25,6,6,5,4,1246.44285714286,50,9.16666666666667,185.333333333333,"."
"410","HB","2012","M","TR",29,"H","HB.M.29","HB.M.29.H",25,1,1,1,1,68.25,3,8,178,"."
"411","HB","2012","M","TR",30,"M","HB.M.30","HB.M.30.M",25,9,9,8,3,735.585714285714,29,7.88888888888889,178,"."
"412","HB","2012","M","TR",30,"H","HB.M.30","HB.M.30.H",25,6,6,6,4,497.5,20,8,178,"."
"413","HB","2012","H","TR",11,"L","HB.H.11","HB.H.11.L",25,17,3,0,0,0,0,2.70588235294118,180.294117647059,"."
"414","HB","2012","H","TR",11,"M","HB.H.11","HB.H.11.M",25,14,10,3,1,55,2,2.92857142857143,180.357142857143,"."
"415","HB","2012","H","TR",11,"H","HB.H.11","HB.H.11.H",25,2,2,0,0,0,0,2.5,182.5,"."
"416","HB","2012","H","TR",11,"MT","HB.H.11","HB.H.11.MT",25,15,5,2,1,30.5555555555556,1,2.4,180.666666666667,"."
"417","HB","2012","H","TR",11,"F","HB.H.11","HB.H.11.F",25,10,8,1,1,30,1,2.6,180.5,"."
"418","HB","2012","H","OTC",12,"M","HB.H.12","HB.H.12.M",25,8,1,0,0,0,0,3.25,180,"."
"419","HB","2012","H","OTC",12,"H","HB.H.12","HB.H.12.H",25,4,1,0,0,0,0,2.75,180,"."
"420","HB","2012","H","TR",13,"L","HB.H.13","HB.H.13.L",25,1,1,0,0,0,0,3,180,"."
"421","HB","2012","H","TR",13,"M","HB.H.13","HB.H.13.M",25,2,1,1,1,72.3333333333333,3,3.5,180,"."
"422","HB","2012","H","TR",13,"H","HB.H.13","HB.H.13.H",25,4,2,1,1,8,0,2.75,181.25,"."
"423","HB","2012","H","TR",13,"MT","HB.H.13","HB.H.13.MT",25,9,7,3,2,100,4,4.22222222222222,180,"."
"424","HB","2012","H","TR",13,"F","HB.H.13","HB.H.13.F",25,2,2,1,1,80,3,3.5,180,"."
"425","HB","2012","H","TR",14,"M","HB.H.14","HB.H.14.M",25,1,1,0,0,0,0,3,180,"."
"426","HB","2012","H","TR",14,"H","HB.H.14","HB.H.14.H",25,0,0,NA,NA,0,0,NA,NA,"."
"427","HB","2012","H","TR",15,"L","HB.H.15","HB.H.15.L",25,6,6,4,2,49,2,5.83333333333333,188.333333333333,"."
"428","HB","2012","H","TR",15,"M","HB.H.15","HB.H.15.M",25,0,0,NA,NA,0,0,NA,NA,"."
"429","HB","2012","H","TR",15,"H","HB.H.15","HB.H.15.H",25,0,0,NA,NA,0,0,NA,NA,"."
"430","HB","2012","H","TR",15,"MT","HB.H.15","HB.H.15.MT",25,6,6,6,6,517.264285714286,21,4.33333333333333,180.833333333333,"."
"431","HB","2012","H","TR",15,"F","HB.H.15","HB.H.15.F",25,3,2,1,1,96.25,4,3.66666666666667,180,"."
"432","HB","2012","H","OTC",16,"M","HB.H.16","HB.H.16.M",25,2,1,0,0,0,0,4,182.5,"."
"433","HB","2012","H","OTC",16,"H","HB.H.16","HB.H.16.H",25,4,4,1,1,34,1,3,180,"."
"434","HB","2012","H","TR",17,"L","HB.H.17","HB.H.17.L",25,0,0,NA,NA,0,0,NA,NA,"."
"435","HB","2012","H","TR",17,"M","HB.H.17","HB.H.17.M",25,0,0,NA,NA,0,0,NA,NA,"."
"436","HB","2012","H","TR",17,"H","HB.H.17","HB.H.17.H",25,0,0,NA,NA,0,0,NA,NA,"."
"437","HB","2012","H","TR",17,"MT","HB.H.17","HB.H.17.MT",25,1,1,1,1,66.9090909090909,3,6,180,"."
"438","HB","2012","H","TR",17,"F","HB.H.17","HB.H.17.F",25,2,2,2,1,63,3,7,195.5,"."
"439","HB","2012","H","TR",18,"M","HB.H.18","HB.H.18.M",25,0,0,NA,NA,0,0,NA,NA,"."
"440","HB","2012","H","TR",18,"H","HB.H.18","HB.H.18.H",25,0,0,NA,NA,0,0,NA,NA,"."
"441","HB","2012","H","TR",19,"L","HB.H.19","HB.H.19.L",25,10,8,0,0,0,0,3,180,"."
"442","HB","2012","H","TR",19,"M","HB.H.19","HB.H.19.M",25,9,8,5,3,49,2,3.22222222222222,181.333333333333,"."
"443","HB","2012","H","TR",19,"H","HB.H.19","HB.H.19.H",25,2,0,0,0,0,0,3,180,"."
"444","HB","2012","H","TR",19,"MT","HB.H.19","HB.H.19.MT",25,16,14,11,8,401.935714285714,16,2.9375,180,"."
"445","HB","2012","H","TR",19,"F","HB.H.19","HB.H.19.F",25,11,7,0,0,0,0,3.54545454545455,180,"."
"446","HB","2012","H","TR",20,"M","HB.H.20","HB.H.20.M",25,10,9,7,2,51,2,3.1,180,"."
"447","HB","2012","H","TR",20,"H","HB.H.20","HB.H.20.H",25,2,2,1,0,0,0,2.5,180,"."
"448","HB","2012","H","TR",21,"L","HB.H.21","HB.H.21.L",25,1,0,0,0,0,0,4,180,"."
"449","HB","2012","H","TR",21,"M","HB.H.21","HB.H.21.M",25,0,0,NA,NA,0,0,NA,NA,"."
"450","HB","2012","H","TR",21,"H","HB.H.21","HB.H.21.H",25,0,0,NA,NA,0,0,NA,NA,"."
"451","HB","2012","H","TR",21,"MT","HB.H.21","HB.H.21.MT",25,0,0,NA,NA,0,0,NA,NA,"."
"452","HB","2012","H","TR",21,"F","HB.H.21","HB.H.21.F",25,0,0,NA,NA,0,0,NA,NA,"."
"453","HB","2012","H","TR",22,"M","HB.H.22","HB.H.22.M",25,0,0,NA,NA,0,0,NA,NA,"."
"454","HB","2012","H","TR",22,"H","HB.H.22","HB.H.22.H",25,0,0,NA,NA,0,0,NA,NA,"."
"455","HB","2012","H","TR",23,"L","HB.H.23","HB.H.23.L",25,1,1,0,0,0,0,5,185,"."
"456","HB","2012","H","TR",23,"M","HB.H.23","HB.H.23.M",25,1,1,1,1,57.3333333333333,2,4,185,"."
"457","HB","2012","H","TR",23,"H","HB.H.23","HB.H.23.H",25,0,0,NA,NA,0,0,NA,NA,"."
"458","HB","2012","H","TR",23,"MT","HB.H.23","HB.H.23.MT",25,3,2,2,1,20,1,3.66666666666667,185,"."
"459","HB","2012","H","TR",23,"F","HB.H.23","HB.H.23.F",25,0,0,NA,NA,0,0,NA,NA,"."
"460","HB","2012","H","TR",24,"M","HB.H.24","HB.H.24.M",25,1,1,1,1,73.8571428571429,3,5,185,"."
"461","HB","2012","H","TR",24,"H","HB.H.24","HB.H.24.H",25,1,1,0,0,0,0,2,185,"."
"462","HB","2012","H","TR",25,"L","HB.H.25","HB.H.25.L",25,16,13,12,2,43.5,2,4.0625,185,"."
"463","HB","2012","H","TR",25,"M","HB.H.25","HB.H.25.M",25,9,8,7,5,517.004761904762,21,4.375,195.666666666667,"."
"464","HB","2012","H","TR",25,"H","HB.H.25","HB.H.25.H",25,9,9,5,5,257.872727272727,10,3.44444444444444,185.777777777778,"."
"465","HB","2012","H","TR",25,"MT","HB.H.25","HB.H.25.MT",25,11,11,9,9,244.466666666667,10,3.63636363636364,187.545454545455,"."
"466","HB","2012","H","TR",25,"F","HB.H.25","HB.H.25.F",25,21,21,15,11,506.8,20,4.04761904761905,187,"."
"467","HB","2012","H","TR",26,"M","HB.H.26","HB.H.26.M",25,6,4,4,2,73,3,5.83333333333333,191,"."
"468","HB","2012","H","TR",26,"H","HB.H.26","HB.H.26.H",25,5,4,3,3,155.4,6,3.8,182.4,"."
"469","HB","2012","H","TR",27,"L","HB.H.27","HB.H.27.L",25,11,11,10,1,15,1,3.90909090909091,185.636363636364,"."
"470","HB","2012","H","TR",27,"M","HB.H.27","HB.H.27.M",25,2,2,1,0,0,0,4,185,"."
"471","HB","2012","H","TR",27,"H","HB.H.27","HB.H.27.H",25,1,1,1,0,0,0,3,185,"."
"472","HB","2012","H","TR",27,"MT","HB.H.27","HB.H.27.MT",25,9,8,8,2,51,2,3.88888888888889,185.777777777778,"."
"473","HB","2012","H","TR",27,"F","HB.H.27","HB.H.27.F",25,1,1,1,1,18,1,5,192,"."
"474","HB","2012","H","OTC",28,"M","HB.H.28","HB.H.28.M",25,4,4,4,3,142.6,6,3.5,185,"."
"475","HB","2012","H","OTC",28,"H","HB.H.28","HB.H.28.H",25,9,8,7,5,107,4,3.11111111111111,185,"."
"476","HB","2012","H","TR",29,"L","HB.H.29","HB.H.29.L",25,2,2,2,0,0,0,3.5,185,"."
"477","HB","2012","H","TR",29,"M","HB.H.29","HB.H.29.M",25,2,2,2,2,64.1666666666667,3,5.5,192,"."
"478","HB","2012","H","TR",29,"H","HB.H.29","HB.H.29.H",25,0,0,NA,NA,0,0,NA,NA,"."
"479","HB","2012","H","TR",29,"MT","HB.H.29","HB.H.29.MT",25,10,9,9,8,252.6,10,4.1,185,"."
"480","HB","2012","H","TR",29,"F","HB.H.29","HB.H.29.F",25,4,4,4,2,32.75,1,4,185,"."
"481","HB","2012","H","TR",30,"M","HB.H.30","HB.H.30.M",25,0,0,NA,NA,0,0,NA,NA,"."
"482","HB","2012","H","TR",30,"H","HB.H.30","HB.H.30.H",25,2,2,2,1,32.5,1,8.5,202.5,"."
"483","HB","2012","A","TR",11,"L","HB.A.11","HB.A.11.L",25,9,9,0,0,0,0,1,186,"."
"484","HB","2012","A","TR",11,"M","HB.A.11","HB.A.11.M",25,2,1,1,0,0,0,1.5,186,"."
"485","HB","2012","A","TR",11,"H","HB.A.11","HB.A.11.H",25,1,1,0,0,0,0,1,186,"."
"486","HB","2012","A","TR",11,"MT","HB.A.11","HB.A.11.MT",25,0,0,NA,NA,0,0,NA,NA,"."
"487","HB","2012","A","TR",11,"F","HB.A.11","HB.A.11.F",25,1,1,0,0,0,0,2,186,"."
"488","HB","2012","A","OTC",12,"M","HB.A.12","HB.A.12.M",25,2,1,0,0,0,0,2,186,"."
"489","HB","2012","A","OTC",12,"H","HB.A.12","HB.A.12.H",25,0,0,NA,NA,0,0,NA,NA,"."
"490","HB","2012","A","TR",13,"L","HB.A.13","HB.A.13.L",25,13,12,0,0,0,0,1.15384615384615,187.846153846154,"."
"491","HB","2012","A","TR",13,"M","HB.A.13","HB.A.13.M",25,3,2,0,0,0,0,1.66666666666667,186,"."
"492","HB","2012","A","TR",13,"H","HB.A.13","HB.A.13.H",25,0,0,NA,NA,0,0,NA,NA,"."
"493","HB","2012","A","TR",13,"MT","HB.A.13","HB.A.13.MT",25,2,2,1,0,0,0,2,192,"."
"494","HB","2012","A","TR",13,"F","HB.A.13","HB.A.13.F",25,3,2,2,1,2,0,1.66666666666667,190.333333333333,"."
"495","HB","2012","A","OTC",14,"M","HB.A.14","HB.A.14.M",25,2,0,0,0,0,0,1,186,"."
"496","HB","2012","A","OTC",14,"H","HB.A.14","HB.A.14.H",25,2,1,0,0,0,0,1.5,186,"."
"497","HB","2012","A","TR",15,"L","HB.A.15","HB.A.15.L",25,1,1,0,0,0,0,1,186,"."
"498","HB","2012","A","TR",15,"M","HB.A.15","HB.A.15.M",25,0,0,NA,NA,0,0,NA,NA,"."
"499","HB","2012","A","TR",15,"H","HB.A.15","HB.A.15.H",25,0,0,NA,NA,0,0,NA,NA,"."
"500","HB","2012","A","TR",15,"MT","HB.A.15","HB.A.15.MT",25,1,1,1,0,0,0,1,192,"."
"501","HB","2012","A","TR",15,"F","HB.A.15","HB.A.15.F",25,0,0,NA,NA,0,0,NA,NA,"."
"502","HB","2012","A","OTC",16,"M","HB.A.16","HB.A.16.M",25,1,1,1,0,0,0,0,186,"."
"503","HB","2012","A","OTC",16,"H","HB.A.16","HB.A.16.H",25,0,0,NA,NA,0,0,NA,NA,"."
"504","HB","2012","A","TR",17,"L","HB.A.17","HB.A.17.L",25,0,0,NA,NA,0,0,NA,NA,"."
"505","HB","2012","A","TR",17,"M","HB.A.17","HB.A.17.M",25,0,0,NA,NA,0,0,NA,NA,"."
"506","HB","2012","A","TR",17,"H","HB.A.17","HB.A.17.H",25,0,0,NA,NA,0,0,NA,NA,"."
"507","HB","2012","A","TR",17,"MT","HB.A.17","HB.A.17.MT",25,0,0,NA,NA,0,0,NA,NA,"."
"508","HB","2012","A","TR",17,"F","HB.A.17","HB.A.17.F",25,0,0,NA,NA,0,0,NA,NA,"."
"509","HB","2012","A","OTC",18,"M","HB.A.18","HB.A.18.M",25,0,0,NA,NA,0,0,NA,NA,"."
"510","HB","2012","A","OTC",18,"H","HB.A.18","HB.A.18.H",25,0,0,NA,NA,0,0,NA,NA,"."
"511","HB","2012","A","TR",19,"L","HB.A.19","HB.A.19.L",25,1,1,0,0,0,0,1,186,"."
"512","HB","2012","A","TR",19,"M","HB.A.19","HB.A.19.M",25,2,2,0,0,0,0,2,189,"."
"513","HB","2012","A","TR",19,"H","HB.A.19","HB.A.19.H",25,2,2,0,0,0,0,3.5,210,"."
"514","HB","2012","A","TR",19,"MT","HB.A.19","HB.A.19.MT",25,0,0,NA,NA,0,0,NA,NA,"."
"515","HB","2012","A","TR",19,"F","HB.A.19","HB.A.19.F",25,0,0,NA,NA,0,0,NA,NA,"."
"516","HB","2012","A","OTC",20,"M","HB.A.20","HB.A.20.M",25,1,1,1,0,0,0,1,192,"."
"517","HB","2012","A","OTC",20,"H","HB.A.20","HB.A.20.H",25,2,2,0,0,0,0,3.5,202.5,"."
"518","HB","2012","A","TR",21,"L","HB.A.21","HB.A.21.L",25,10,7,1,0,0,0,1.9,192.7,"."
"519","HB","2012","A","TR",21,"M","HB.A.21","HB.A.21.M",25,1,1,0,0,0,0,1,186,"."
"520","HB","2012","A","TR",21,"H","HB.A.21","HB.A.21.H",25,0,0,NA,NA,0,0,NA,NA,"."
"521","HB","2012","A","TR",21,"MT","HB.A.21","HB.A.21.MT",25,1,0,0,0,0,0,1,186,"."
"522","HB","2012","A","TR",21,"F","HB.A.21","HB.A.21.F",25,1,1,1,1,3,0,1,186,"."
"523","HB","2012","A","OTC",22,"M","HB.A.22","HB.A.22.M",25,8,7,4,3,152.416666666667,6,2.25,191,"."
"524","HB","2012","A","OTC",22,"H","HB.A.22","HB.A.22.H",25,0,0,NA,NA,0,0,NA,NA,"."
"525","HB","2012","A","TR",23,"L","HB.A.23","HB.A.23.L",25,0,0,NA,NA,0,0,NA,NA,"."
"526","HB","2012","A","TR",23,"M","HB.A.23","HB.A.23.M",25,0,0,NA,NA,0,0,NA,NA,"."
"527","HB","2012","A","TR",23,"H","HB.A.23","HB.A.23.H",25,0,0,NA,NA,0,0,NA,NA,"."
"528","HB","2012","A","TR",23,"MT","HB.A.23","HB.A.23.MT",25,0,0,NA,NA,0,0,NA,NA,"."
"529","HB","2012","A","TR",23,"F","HB.A.23","HB.A.23.F",25,3,3,0,0,0,0,2.33333333333333,186,"."
"530","HB","2012","A","OTC",24,"M","HB.A.24","HB.A.24.M",25,0,0,NA,NA,0,0,NA,NA,"."
"531","HB","2012","A","OTC",24,"H","HB.A.24","HB.A.24.H",25,0,0,NA,NA,0,0,NA,NA,"."
"532","HB","2012","A","TR",25,"L","HB.A.25","HB.A.25.L",25,1,1,0,0,0,0,1,186,"."
"533","HB","2012","A","TR",25,"M","HB.A.25","HB.A.25.M",25,0,0,NA,NA,0,0,NA,NA,"."
"534","HB","2012","A","TR",25,"H","HB.A.25","HB.A.25.H",25,0,0,NA,NA,0,0,NA,NA,"."
"535","HB","2012","A","TR",25,"MT","HB.A.25","HB.A.25.MT",25,0,0,NA,NA,0,0,NA,NA,"."
"536","HB","2012","A","TR",25,"F","HB.A.25","HB.A.25.F",25,0,0,NA,NA,0,0,NA,NA,"."
"537","HB","2012","A","OTC",26,"M","HB.A.26","HB.A.26.M",25,0,0,NA,NA,0,0,NA,NA,"."
"538","HB","2012","A","OTC",26,"H","HB.A.26","HB.A.26.H",25,0,0,NA,NA,0,0,NA,NA,"."
"539","HB","2012","A","TR",27,"L","HB.A.27","HB.A.27.L",25,0,0,NA,NA,0,0,NA,NA,"."
"540","HB","2012","A","TR",27,"M","HB.A.27","HB.A.27.M",25,0,0,NA,NA,0,0,NA,NA,"."
"541","HB","2012","A","TR",27,"H","HB.A.27","HB.A.27.H",25,0,0,NA,NA,0,0,NA,NA,"."
"542","HB","2012","A","TR",27,"MT","HB.A.27","HB.A.27.MT",25,0,0,NA,NA,0,0,NA,NA,"."
"543","HB","2012","A","TR",27,"F","HB.A.27","HB.A.27.F",25,0,0,NA,NA,0,0,NA,NA,"."
"544","HB","2012","A","OTC",28,"M","HB.A.28","HB.A.28.M",25,0,0,NA,NA,0,0,NA,NA,"."
"545","HB","2012","A","OTC",28,"H","HB.A.28","HB.A.28.H",25,0,0,NA,NA,0,0,NA,NA,"."
"546","HB","2012","A","TR",29,"L","HB.A.29","HB.A.29.L",25,0,0,NA,NA,0,0,NA,NA,"."
"547","HB","2012","A","TR",29,"M","HB.A.29","HB.A.29.M",25,0,0,NA,NA,0,0,NA,NA,"."
"548","HB","2012","A","TR",29,"H","HB.A.29","HB.A.29.H",25,0,0,NA,NA,0,0,NA,NA,"."
"549","HB","2012","A","TR",29,"MT","HB.A.29","HB.A.29.MT",25,0,0,NA,NA,0,0,NA,NA,"."
"550","HB","2012","A","TR",29,"F","HB.A.29","HB.A.29.F",25,0,0,NA,NA,0,0,NA,NA,"."
"551","HB","2012","A","OTC",30,"M","HB.A.30","HB.A.30.M",25,0,0,NA,NA,0,0,NA,NA,"."
"552","HB","2012","A","OTC",30,"H","HB.A.30","HB.A.30.H",25,0,0,NA,NA,0,0,NA,NA,"."
"553","HB","2013","L","TR",31,"L","HB.L.31","HB.L.31.L",25,9,9,0,0,0,0,4,152,"."
"554","HB","2013","L","TR",31,"M","HB.L.31","HB.L.31.M",25,11,11,0,0,0,0,4.54545454545455,152,"."
"555","HB","2013","L","TR",31,"H","HB.L.31","HB.L.31.H",25,6,6,0,0,0,0,4.33333333333333,152,"."
"556","HB","2013","L","TR",32,"M","HB.L.32","HB.L.32.M",25,8,8,0,0,0,0,4.5,152,"."
"557","HB","2013","M","TR",31,"L","HB.M.31","HB.M.31.L",25,15,15,4,0,0,0,2.8,159.933333333333,"."
"558","HB","2013","M","TR",31,"M","HB.M.31","HB.M.31.M",25,15,15,11,0,0,0,2.86666666666667,157.466666666667,"."
"559","HB","2013","M","TR",31,"H","HB.M.31","HB.M.31.H",25,18,18,16,5,127.75,5,2.22222222222222,155.555555555556,"."
"560","HB","2013","M","TR",32,"L","HB.M.32","HB.M.32.L",25,9,9,1,0,0,0,2.22222222222222,160.222222222222,"."
"561","HB","2013","M","TR",32,"M","HB.M.32","HB.M.32.M",25,6,6,3,0,0,0,2,155,"."
"562","HB","2013","M","TR",32,"H","HB.M.32","HB.M.32.H",25,4,4,1,0,0,0,2.5,155,"."
"563","HB","2013","M","TR",33,"L","HB.M.33","HB.M.33.L",25,4,4,1,0,0,0,2,155,"."
"564","HB","2013","M","TR",33,"M","HB.M.33","HB.M.33.M",25,3,3,2,0,0,0,2.66666666666667,155,"."
"565","HB","2013","M","TR",33,"H","HB.M.33","HB.M.33.H",25,3,3,2,0,0,0,3.33333333333333,158.333333333333,"."
"566","HB","2013","M","TR",34,"L","HB.M.34","HB.M.34.L",25,2,2,1,0,0,0,2.5,160,"."
"567","HB","2013","M","TR",34,"M","HB.M.34","HB.M.34.M",25,2,2,2,0,0,0,2.5,155,"."
"568","HB","2013","M","TR",34,"H","HB.M.34","HB.M.34.H",25,3,3,2,2,93.75,4,3,175.666666666667,"."
"569","HB","2013","H","TR",31,"L","HB.H.31","HB.H.31.L",25,8,8,7,3,228.5,9,4.75,192.875,"."
"570","HB","2013","H","TR",31,"M","HB.H.31","HB.H.31.M",25,15,15,12,10,621.933333333333,25,4.8,192,"."
"571","HB","2013","H","TR",31,"H","HB.H.31","HB.H.31.H",25,5,5,4,4,200,8,5.6,192,"."
"572","HB","2013","H","TR",31,"MT","HB.H.31","HB.H.31.MT",25,15,15,11,9,469.833333333333,19,5,194.333333333333,"."
"573","HB","2013","H","TR",31,"F","HB.H.31","HB.H.31.F",25,11,11,10,8,339.666666666667,14,4.54545454545455,192,"."
"574","HB","2013","H","OTC",32,"M","HB.H.32","HB.H.32.M",25,13,13,13,12,1081.8,43,5.76923076923077,191,"."
"575","HB","2013","H","OTC",32,"H","HB.H.32","HB.H.32.H",25,13,13,10,10,448.216666666667,18,4.76923076923077,191,"."
"576","HB","2013","H","OTC",32,"MT","HB.H.32","HB.H.32.MT",25,16,16,16,16,655.293333333333,26,5.3125,191,"."
"577","HB","2013","H","TR",33,"L","HB.H.33","HB.H.33.L",25,7,7,6,1,75,3,5.28571428571429,193,"."
"578","HB","2013","H","TR",33,"M","HB.H.33","HB.H.33.M",25,11,11,11,8,568.883333333333,23,5.36363636363636,192,"."
"579","HB","2013","H","TR",33,"H","HB.H.33","HB.H.33.H",25,8,8,6,5,221.083333333333,9,4.75,192.875,"."
"580","HB","2013","H","TR",33,"MT","HB.H.33","HB.H.33.MT",25,11,11,8,7,317.166666666667,13,4.45454545454545,192,"."
"581","HB","2013","H","TR",33,"F","HB.H.33","HB.H.33.F",25,12,12,9,9,307.75,12,5,192,"."
"582","HB","2013","H","OTC",34,"M","HB.H.34","HB.H.34.M",25,14,14,12,12,1075.2,43,4.85714285714286,191,"."
"583","HB","2013","H","OTC",34,"H","HB.H.34","HB.H.34.H",25,15,15,14,14,1003,40,4.53333333333333,191,"."
"584","HB","2013","H","OTC",34,"MT","HB.H.34","HB.H.34.MT",25,15,15,13,12,496.333333333333,20,5.2,192.466666666667,"."
"585","HB","2013","H","TR",35,"L","HB.H.35","HB.H.35.L",25,5,5,3,2,117.4,5,4.8,191.8,"."
"586","HB","2013","H","TR",35,"M","HB.H.35","HB.H.35.M",25,12,12,8,6,465,19,4.25,192.583333333333,"."
"587","HB","2013","H","TR",35,"H","HB.H.35","HB.H.35.H",25,6,6,6,6,366.083333333333,15,5.33333333333333,193.166666666667,"."
"588","HB","2013","H","TR",35,"MT","HB.H.35","HB.H.35.MT",25,4,4,2,2,100,4,4.75,192,"."
"589","HB","2013","H","TR",35,"F","HB.H.35","HB.H.35.F",25,9,9,4,3,76,3,5.77777777777778,192,"."
"590","HB","2013","H","OTC",36,"M","HB.H.36","HB.H.36.M",25,7,7,3,3,297.75,12,4,190,"."
"591","HB","2013","H","OTC",36,"H","HB.H.36","HB.H.36.H",25,7,7,6,5,206,8,5,190,"."
"592","HB","2013","H","OTC",36,"MT","HB.H.36","HB.H.36.MT",25,11,11,9,9,388.533333333333,16,4.63636363636364,190,"."
"593","HB","2013","H","TR",37,"L","HB.H.37","HB.H.37.L",25,5,5,3,1,0,0,6,200.6,"."
"594","HB","2013","H","TR",37,"M","HB.H.37","HB.H.37.M",25,4,4,2,1,14.5,1,4.5,190,"."
"595","HB","2013","H","TR",37,"H","HB.H.37","HB.H.37.H",25,6,6,5,5,467.4,19,5.5,191.5,"."
"596","HB","2013","H","TR",37,"MT","HB.H.37","HB.H.37.MT",25,1,1,1,1,46,2,6,190,"."
"597","HB","2013","H","TR",37,"F","HB.H.37","HB.H.37.F",25,6,6,5,5,308.166666666667,12,6.16666666666667,190,"."
"598","HB","2013","H","OTC",38,"M","HB.H.38","HB.H.38.M",25,5,5,5,5,1316.55,53,6.8,190,"."
"599","HB","2013","H","OTC",38,"H","HB.H.38","HB.H.38.H",25,5,5,4,4,266.6,11,6.8,198.8,"."
"600","HB","2013","H","OTC",38,"MT","HB.H.38","HB.H.38.MT",25,11,11,9,9,2138.03333333333,86,7.72727272727273,192.454545454545,"."
"601","HB","2013","H","TR",39,"L","HB.H.39","HB.H.39.L",25,3,3,3,0,0,0,8,193,"."
"602","HB","2013","H","TR",39,"M","HB.H.39","HB.H.39.M",25,7,7,6,2,50.5,2,8.14285714285714,193.857142857143,"."
"603","HB","2013","H","TR",39,"H","HB.H.39","HB.H.39.H",25,5,5,5,5,415.3,17,8,195.8,"."
"604","HB","2013","H","TR",39,"MT","HB.H.39","HB.H.39.MT",25,9,9,6,4,188.666666666667,8,7,201.333333333333,"."
"605","HB","2013","H","TR",39,"F","HB.H.39","HB.H.39.F",25,9,9,9,6,177.666666666667,7,8.11111111111111,193,"."
"606","HB","2013","H","OTC",40,"M","HB.H.40","HB.H.40.M",25,5,5,5,5,1075.33333333333,43,7.6,191,"."
"607","HB","2013","H","OTC",40,"H","HB.H.40","HB.H.40.H",25,6,6,5,4,476.285714285714,19,7.5,191,"."
"608","HB","2013","H","OTC",40,"MT","HB.H.40","HB.H.40.MT",25,9,9,7,7,745.416666666667,30,6.77777777777778,191.888888888889,"."
"609","HB","2013","H","TR",41,"L","HB.H.41","HB.H.41.L",25,2,2,1,0,0,0,4.5,190,"."
"610","HB","2013","H","TR",41,"M","HB.H.41","HB.H.41.M",25,1,1,1,1,23,1,5,190,"."
"611","HB","2013","H","TR",41,"H","HB.H.41","HB.H.41.H",25,2,2,1,1,41,2,6,190,"."
"612","HB","2013","H","TR",41,"MT","HB.H.41","HB.H.41.MT",25,1,1,1,1,10,0,5,190,"."
"613","HB","2013","H","TR",41,"F","HB.H.41","HB.H.41.F",25,9,9,7,0,0,0,5.88888888888889,190,"."
"614","HB","2013","H","OTC",42,"M","HB.H.42","HB.H.42.M",25,7,7,1,1,74,3,4.85714285714286,190,"."
"615","HB","2013","H","OTC",42,"H","HB.H.42","HB.H.42.H",25,3,3,2,2,158.333333333333,6,5.33333333333333,190,"."
"616","HB","2013","H","OTC",42,"MT","HB.H.42","HB.H.42.MT",25,8,8,2,1,2,0,5.375,190,"."
"617","HB","2013","H","TR",43,"L","HB.H.43","HB.H.43.L",25,5,5,2,0,0,0,5.4,191.8,"."
"618","HB","2013","H","TR",43,"M","HB.H.43","HB.H.43.M",25,9,9,7,3,99,4,5,190,"."
"619","HB","2013","H","TR",43,"H","HB.H.43","HB.H.43.H",25,1,1,1,1,36,1,7,190,"."
"620","HB","2013","H","TR",43,"MT","HB.H.43","HB.H.43.MT",25,10,10,8,5,144.75,6,6,191.7,"."
"621","HB","2013","H","TR",43,"F","HB.H.43","HB.H.43.F",25,4,4,3,2,31,1,5.5,190,"."
"622","HB","2013","H","OTC",44,"M","HB.H.44","HB.H.44.M",25,8,8,8,8,1279.60476190476,51,6.875,190,"."
"623","HB","2013","H","OTC",44,"H","HB.H.44","HB.H.44.H",25,5,5,5,4,115.5,5,6,190,"."
"624","HB","2013","H","OTC",44,"MT","HB.H.44","HB.H.44.MT",25,12,12,11,8,635.466666666667,25,6.16666666666667,190.75,"."
"625","HB","2013","H","TR",45,"L","HB.H.45","HB.H.45.L",25,9,9,6,0,0,0,5,190,"."
"626","HB","2013","H","TR",45,"M","HB.H.45","HB.H.45.M",25,15,15,15,2,66,3,6.06666666666667,190,"."
"627","HB","2013","H","TR",45,"H","HB.H.45","HB.H.45.H",25,1,1,0,0,0,0,4,190,"."
"628","HB","2013","H","TR",45,"MT","HB.H.45","HB.H.45.MT",25,6,6,4,1,21,1,4.66666666666667,190,"."
"629","HB","2013","H","TR",45,"F","HB.H.45","HB.H.45.F",25,12,12,9,3,253,10,7.25,191.416666666667,"."
"630","HB","2013","H","OTC",46,"M","HB.H.46","HB.H.46.M",25,6,6,5,4,565.533333333333,23,5.83333333333333,190,"."
"631","HB","2013","H","OTC",46,"H","HB.H.46","HB.H.46.H",25,5,5,2,2,203.75,8,6,190,"."
"632","HB","2013","H","OTC",46,"MT","HB.H.46","HB.H.46.MT",25,6,6,4,4,236.833333333333,9,4,190,"."
"633","HB","2013","H","TR",47,"L","HB.H.47","HB.H.47.L",25,9,9,5,0,0,0,3.77777777777778,190,"."
"634","HB","2013","H","TR",47,"M","HB.H.47","HB.H.47.M",25,2,2,2,1,44.8,2,4.5,190,"."
"635","HB","2013","H","TR",47,"H","HB.H.47","HB.H.47.H",25,1,1,0,0,0,0,4,190,"."
"636","HB","2013","H","TR",47,"MT","HB.H.47","HB.H.47.MT",25,1,1,0,0,0,0,4,190,"."
"637","HB","2013","H","TR",47,"F","HB.H.47","HB.H.47.F",25,7,7,4,1,53,2,4.14285714285714,190,"."
"638","HB","2013","H","OTC",48,"M","HB.H.48","HB.H.48.M",25,5,5,5,5,774.47619047619,31,4.6,190,"."
"639","HB","2013","H","OTC",48,"H","HB.H.48","HB.H.48.H",25,7,7,3,2,36.3333333333333,1,4,191.285714285714,"."
"640","HB","2013","H","OTC",48,"MT","HB.H.48","HB.H.48.MT",25,8,8,6,4,390.166666666667,16,5,192.875,"."
"641","HB","2013","H","TR",49,"L","HB.H.49","HB.H.49.L",25,10,10,7,0,0,0,4.7,190.9,"."
"642","HB","2013","H","TR",49,"M","HB.H.49","HB.H.49.M",25,4,4,2,0,0,0,4.25,190,"."
"643","HB","2013","H","TR",49,"H","HB.H.49","HB.H.49.H",25,2,2,0,0,0,0,5.5,190,"."
"644","HB","2013","H","TR",49,"MT","HB.H.49","HB.H.49.MT",25,1,1,0,0,0,0,3,190,"."
"645","HB","2013","H","TR",49,"F","HB.H.49","HB.H.49.F",25,15,15,11,1,25.3333333333333,1,5,190,"."
"646","HB","2013","H","OTC",50,"M","HB.H.50","HB.H.50.M",25,11,11,5,3,259.666666666667,10,4.81818181818182,190,"."
"647","HB","2013","H","OTC",50,"H","HB.H.50","HB.H.50.H",25,2,2,0,0,0,0,3,190,"."
"648","HB","2013","H","OTC",50,"MT","HB.H.50","HB.H.50.MT",25,10,10,2,2,192.583333333333,8,4.2,190,"."
"649","HB","2013","A","TR",31,"L","HB.A.31","HB.A.31.L",25,1,1,0,0,0,0,3,200,"CT"
"650","HB","2013","A","TR",31,"M","HB.A.31","HB.A.31.M",25,3,3,1,0,0,0,2.33333333333333,191,"CT"
"651","HB","2013","A","TR",31,"H","HB.A.31","HB.A.31.H",25,0,0,NA,NA,0,0,NA,NA,"CT"
"652","HB","2013","A","TR",31,"A","HB.A.31","HB.A.31.A",15,0,0,NA,NA,0,0,NA,NA,"CT"
"653","HB","2013","A","TR",31,"MT","HB.A.31","HB.A.31.MT",25,0,0,NA,NA,0,0,NA,NA,"CT"
"654","HB","2013","A","TR",31,"F","HB.A.31","HB.A.31.F",25,0,0,NA,NA,0,0,NA,NA,"CT"
"655","HB","2013","A","TR",32,"M","HB.A.32","HB.A.32.M",25,0,0,NA,NA,0,0,NA,NA,"extraCT"
"656","HB","2013","A","TR",32,"H","HB.A.32","HB.A.32.H",25,0,0,NA,NA,0,0,NA,NA,"extraCT"
"657","HB","2013","A","TR",32,"MT","HB.A.32","HB.A.32.MT",25,1,1,0,0,0,0,2,191,"extraCT"
"658","HB","2013","A","TR",33,"L","HB.A.33","HB.A.33.L",25,0,0,NA,NA,0,0,NA,NA,"CT"
"659","HB","2013","A","TR",33,"M","HB.A.33","HB.A.33.M",25,3,3,1,0,0,0,2.33333333333333,191,"CT"
"660","HB","2013","A","TR",33,"H","HB.A.33","HB.A.33.H",25,0,0,NA,NA,0,0,NA,NA,"CT"
"661","HB","2013","A","TR",33,"A","HB.A.33","HB.A.33.A",15,1,1,0,0,0,0,2,191,"CT"
"662","HB","2013","A","TR",33,"MT","HB.A.33","HB.A.33.MT",25,1,1,1,0,0,0,2,191,"CT"
"663","HB","2013","A","TR",33,"F","HB.A.33","HB.A.33.F",25,2,2,0,0,0,0,2.5,191,"CT"
"664","HB","2013","A","OTC",34,"M","HB.A.34","HB.A.34.M",25,2,2,0,0,0,0,2,191,"OTC"
"665","HB","2013","A","OTC",34,"H","HB.A.34","HB.A.34.H",25,1,1,1,1,4,0,2,191,"OTC"
"666","HB","2013","A","TR",35,"L","HB.A.35","HB.A.35.L",25,0,0,NA,NA,0,0,NA,NA,"CT"
"667","HB","2013","A","TR",35,"M","HB.A.35","HB.A.35.M",25,1,1,0,0,0,0,2,191,"CT"
"668","HB","2013","A","TR",35,"H","HB.A.35","HB.A.35.H",25,2,2,1,0,0,0,3,191,"CT"
"669","HB","2013","A","TR",35,"A","HB.A.35","HB.A.35.A",19,1,1,0,0,0,0,2,191,"CT"
"670","HB","2013","A","TR",35,"MT","HB.A.35","HB.A.35.MT",25,0,0,NA,NA,0,0,NA,NA,"CT"
"671","HB","2013","A","TR",35,"F","HB.A.35","HB.A.35.F",25,0,0,NA,NA,0,0,NA,NA,"CT"
"672","HB","2013","A","TR",36,"M","HB.A.36","HB.A.36.M",25,0,0,NA,NA,0,0,NA,NA,"extraCT"
"673","HB","2013","A","TR",36,"H","HB.A.36","HB.A.36.H",25,1,1,0,0,0,0,4,191,"extraCT"
"674","HB","2013","A","TR",37,"L","HB.A.37","HB.A.37.L",25,0,0,NA,NA,0,0,NA,NA,"CT"
"675","HB","2013","A","TR",37,"M","HB.A.37","HB.A.37.M",25,8,8,2,0,0,0,2.625,194.75,"CT"
"676","HB","2013","A","TR",37,"H","HB.A.37","HB.A.37.H",25,2,2,0,0,0,0,3.5,210.5,"CT"
"677","HB","2013","A","TR",37,"A","HB.A.37","HB.A.37.A",19,2,2,0,0,0,0,2,196.5,"CT"
"678","HB","2013","A","TR",37,"MT","HB.A.37","HB.A.37.MT",25,0,0,NA,NA,0,0,NA,NA,"CT"
"679","HB","2013","A","TR",37,"F","HB.A.37","HB.A.37.F",25,7,7,2,0,0,0,2.85714285714286,194,"CT"
"680","HB","2013","A","OTC",38,"M","HB.A.38","HB.A.38.M",25,2,2,1,0,0,0,3,195.5,"OTC"
"681","HB","2013","A","OTC",38,"H","HB.A.38","HB.A.38.H",25,0,0,NA,NA,0,0,NA,NA,"OTC"
"682","HB","2013","A","OTC",38,"MT","HB.A.38","HB.A.38.MT",25,1,1,0,0,0,0,2,200,"OTC"
"683","HB","2013","A","TR",39,"L","HB.A.39","HB.A.39.L",25,0,0,NA,NA,0,0,NA,NA,"CT"
"684","HB","2013","A","TR",39,"M","HB.A.39","HB.A.39.M",25,2,2,2,0,0,0,4.5,193,"CT"
"685","HB","2013","A","TR",39,"H","HB.A.39","HB.A.39.H",25,0,0,NA,NA,0,0,NA,NA,"CT"
"686","HB","2013","A","TR",39,"A","HB.A.39","HB.A.39.A",17,1,1,1,0,0,0,4,193,"CT"
"687","HB","2013","A","TR",39,"MT","HB.A.39","HB.A.39.MT",25,3,3,2,1,35,1,2.66666666666667,193,"CT"
"688","HB","2013","A","TR",39,"F","HB.A.39","HB.A.39.F",25,0,0,NA,NA,0,0,NA,NA,"CT"
"689","HB","2013","A","OTC",40,"M","HB.A.40","HB.A.40.M",25,2,2,1,0,0,0,4,195.5,"OTC"
"690","HB","2013","A","OTC",40,"H","HB.A.40","HB.A.40.H",25,1,1,0,0,0,0,2,191,"OTC"
"691","HB","2013","A","OTC",40,"MT","HB.A.40","HB.A.40.MT",25,1,1,1,1,42.5,2,3,191,"OTC"
"692","HB","2013","A","TR",41,"L","HB.A.41","HB.A.41.L",25,2,2,0,0,0,0,2,195.5,"CT"
"693","HB","2013","A","TR",41,"M","HB.A.41","HB.A.41.M",25,2,2,0,0,0,0,2,191,"CT"
"694","HB","2013","A","TR",41,"H","HB.A.41","HB.A.41.H",25,2,2,1,0,0,0,3,203,"CT"
"695","HB","2013","A","TR",41,"MT","HB.A.41","HB.A.41.MT",25,2,2,1,0,0,0,2.5,191,"CT"
"696","HB","2013","A","TR",41,"F","HB.A.41","HB.A.41.F",25,3,3,2,0,0,0,2.66666666666667,199,"CT"
"697","HB","2013","A","TR",42,"M","HB.A.42","HB.A.42.M",25,1,1,0,0,0,0,2,191,"extraCT"
"698","HB","2013","A","TR",42,"H","HB.A.42","HB.A.42.H",25,0,0,NA,NA,0,0,NA,NA,"extraCT"
"699","HB","2013","A","TR",43,"L","HB.A.43","HB.A.43.L",25,3,3,2,0,0,0,3.33333333333333,196,"CT"
"700","HB","2013","A","TR",43,"M","HB.A.43","HB.A.43.M",25,2,2,1,0,0,0,2.5,191,"CT"
"701","HB","2013","A","TR",43,"H","HB.A.43","HB.A.43.H",25,0,0,NA,NA,0,0,NA,NA,"CT"
"702","HB","2013","A","TR",43,"MT","HB.A.43","HB.A.43.MT",25,1,1,0,0,0,0,2,191,"CT"
"703","HB","2013","A","TR",43,"F","HB.A.43","HB.A.43.F",25,2,2,1,0,0,0,2.5,191,"CT"
"704","HB","2013","A","TR",44,"M","HB.A.44","HB.A.44.M",25,1,1,1,0,0,0,3,191,"extraCT"
"705","HB","2013","A","TR",44,"H","HB.A.44","HB.A.44.H",25,0,0,NA,NA,0,0,NA,NA,"extraCT"
"706","HB","2013","A","TR",45,"L","HB.A.45","HB.A.45.L",25,2,2,0,0,0,0,2.5,195.5,"CT"
"707","HB","2013","A","TR",45,"M","HB.A.45","HB.A.45.M",25,2,2,1,0,0,0,5,206,"CT"
"708","HB","2013","A","TR",45,"H","HB.A.45","HB.A.45.H",25,2,2,1,0,0,0,2.5,191,"CT"
"709","HB","2013","A","TR",45,"MT","HB.A.45","HB.A.45.MT",25,1,1,1,0,0,0,3,191,"CT"
"710","HB","2013","A","TR",45,"F","HB.A.45","HB.A.45.F",25,1,1,1,0,0,0,2,191,"CT"
"711","HB","2013","A","TR",46,"M","HB.A.46","HB.A.46.M",25,0,0,NA,NA,0,0,NA,NA,"extraCT"
"712","HB","2013","A","TR",46,"H","HB.A.46","HB.A.46.H",25,0,0,NA,NA,0,0,NA,NA,"extraCT"
"713","HB","2013","A","TR",47,"L","HB.A.47","HB.A.47.L",25,1,1,0,0,0,0,2,200,"CT"
"714","HB","2013","A","TR",47,"M","HB.A.47","HB.A.47.M",25,1,1,1,0,0,0,3,191,"CT"
"715","HB","2013","A","TR",47,"H","HB.A.47","HB.A.47.H",25,1,1,0,0,0,0,2,191,"CT"
"716","HB","2013","A","TR",47,"MT","HB.A.47","HB.A.47.MT",25,1,1,0,0,0,0,4,200,"CT"
"717","HB","2013","A","TR",47,"F","HB.A.47","HB.A.47.F",25,3,3,1,0,0,0,5,199,"CT"
"718","HB","2013","A","TR",48,"M","HB.A.48","HB.A.48.M",25,0,0,NA,NA,0,0,NA,NA,"extraCT"
"719","HB","2013","A","TR",48,"H","HB.A.48","HB.A.48.H",25,0,0,NA,NA,0,0,NA,NA,"extraCT"
"720","HB","2013","A","TR",48,"MT","HB.A.48","HB.A.48.MT",25,0,0,NA,NA,0,0,NA,NA,"extraCT"
"721","HB","2013","A","TR",49,"L","HB.A.49","HB.A.49.L",25,0,0,NA,NA,0,0,NA,NA,"CT"
"722","HB","2013","A","TR",49,"M","HB.A.49","HB.A.49.M",25,0,0,NA,NA,0,0,NA,NA,"CT"
"723","HB","2013","A","TR",49,"H","HB.A.49","HB.A.49.H",25,0,0,NA,NA,0,0,NA,NA,"CT"
"724","HB","2013","A","TR",49,"MT","HB.A.49","HB.A.49.MT",25,2,2,1,0,0,0,5.5,227.5,"CT"
"725","HB","2013","A","TR",49,"F","HB.A.49","HB.A.49.F",25,0,0,NA,NA,0,0,NA,NA,"CT"
"726","HB","2013","A","TR",50,"M","HB.A.50","HB.A.50.M",25,1,1,0,0,0,0,1,191,"extraCT"
"727","HB","2013","A","TR",50,"H","HB.A.50","HB.A.50.H",25,0,0,NA,NA,0,0,NA,NA,"extraCT"
"728","HB","2013","A","TR",50,"MT","HB.A.50","HB.A.50.MT",25,0,0,NA,NA,0,0,NA,NA,"extraCT"
"729","HB","2013","A","OTC",51,"M","HB.A.51","HB.A.51.M",25,3,3,1,0,0,0,3.33333333333333,191,"OTC"
"730","HB","2013","A","OTC",51,"H","HB.A.51","HB.A.51.H",25,1,1,1,0,0,0,3,191,"OTC"
"731","HB","2013","A","OTC",51,"MT","HB.A.51","HB.A.51.MT",25,3,3,3,3,64,3,5.33333333333333,198,"OTC"
"732","HB","2013","A","OTC",52,"M","HB.A.52","HB.A.52.M",25,3,3,1,1,369.75,15,3.33333333333333,191,"OTC"
"733","HB","2013","A","OTC",52,"H","HB.A.52","HB.A.52.H",25,1,1,0,0,0,0,3,191,"OTC"
"734","HB","2013","A","OTC",52,"MT","HB.A.52","HB.A.52.MT",25,7,7,7,6,221.65,9,3.57142857142857,193.142857142857,"OTC"
"735","HB","2013","A","OTC",53,"M","HB.A.53","HB.A.53.M",25,0,0,NA,NA,0,0,NA,NA,"OTC"
"736","HB","2013","A","OTC",53,"H","HB.A.53","HB.A.53.H",25,1,1,1,0,0,0,8,241,"OTC"
"737","HB","2013","A","OTC",53,"MT","HB.A.53","HB.A.53.MT",25,4,4,3,1,77.4,3,3.25,194.75,"OTC"
"738","HB","2013","A","TR",54,"M","HB.A.54","HB.A.54.M",25,0,0,NA,NA,0,0,NA,NA,"extraCT"
"739","HB","2013","A","TR",54,"H","HB.A.54","HB.A.54.H",25,0,0,NA,NA,0,0,NA,NA,"extraCT"
"740","HB","2013","A","TR",54,"MT","HB.A.54","HB.A.54.MT",25,1,1,1,0,0,0,2,191,"extraCT"
"741","HB","2013","A","TR",55,"M","HB.A.55","HB.A.55.M",25,0,0,NA,NA,0,0,NA,NA,"extraCT"
"742","HB","2013","A","TR",55,"H","HB.A.55","HB.A.55.H",25,0,0,NA,NA,0,0,NA,NA,"extraCT"
"743","HB","2013","A","TR",55,"MT","HB.A.55","HB.A.55.MT",25,0,0,NA,NA,0,0,NA,NA,"extraCT"
"744","HB","2013","A","OTC",56,"M","HB.A.56","HB.A.56.M",25,2,2,1,0,0,0,3,191,"OTC"
"745","HB","2013","A","OTC",56,"H","HB.A.56","HB.A.56.H",25,1,1,0,0,0,0,3,191,"OTC"
"746","HB","2013","A","OTC",56,"MT","HB.A.56","HB.A.56.MT",25,0,0,NA,NA,0,0,NA,NA,"OTC"
"747","HB","2013","A","OTC",57,"M","HB.A.57","HB.A.57.M",25,5,5,4,0,0,0,2.4,192.8,"OTC"
"748","HB","2013","A","OTC",57,"H","HB.A.57","HB.A.57.H",25,0,0,NA,NA,0,0,NA,NA,"OTC"
"749","HB","2013","A","OTC",57,"MT","HB.A.57","HB.A.57.MT",25,7,7,6,0,0,0,2.14285714285714,193.142857142857,"OTC"
"750","HB","2013","A","OTC",58,"M","HB.A.58","HB.A.58.M",25,0,0,NA,NA,0,0,NA,NA,"OTC"
"751","HB","2013","A","OTC",58,"H","HB.A.58","HB.A.58.H",25,0,0,NA,NA,0,0,NA,NA,"OTC"
"752","HB","2013","A","OTC",58,"MT","HB.A.58","HB.A.58.MT",25,2,2,0,0,0,0,2,191,"OTC"
"753","HB","2013","A","OTC",59,"M","HB.A.59","HB.A.59.M",25,9,9,1,0,0,0,2.11111111111111,191,"OTC"
"754","HB","2013","A","OTC",59,"H","HB.A.59","HB.A.59.H",25,4,4,1,1,7,0,3,191,"OTC"
"755","HB","2013","A","OTC",59,"MT","HB.A.59","HB.A.59.MT",25,5,5,1,1,10,0,3,197,"OTC"
"756","HB","2013","A","OTC",60,"M","HB.A.60","HB.A.60.M",25,0,0,NA,NA,0,0,NA,NA,"OTC"
"757","HB","2013","A","OTC",60,"H","HB.A.60","HB.A.60.H",25,1,1,0,0,0,0,2,191,"OTC"
"758","HB","2013","A","OTC",60,"MT","HB.A.60","HB.A.60.MT",25,1,1,0,0,0,0,2,191,"OTC"
