year,transect,site,treat,plot,Source,plant,tbo,Ln.tot,Fr.tot,aveseed1,aveseed2,totgoodseed,totbadseed,plotID,subplotID
2011,HB,A,TR,3,H,2.3,0,6,2,4,NA,8,7,HB.A.3,HB.A.3.H
2011,HB,H,TR,1,L,2.4,0,12,2,3.75,NA,8,1.5,HB.H.1,HB.H.1.L
2011,HB,H,TR,2,M,1.5,0,11,1,2,NA,2,0,HB.H.2,HB.H.2.M
2011,HB,H,TR,2,MT,3.5,0,9,3,2,NA,6,0,HB.H.2,HB.H.2.MT
2011,HB,H,TR,2,MT,5.2,0,8,3,8.2,NA,25,0,HB.H.2,HB.H.2.MT
2011,HB,H,TR,2,MT,5.3,0,10,2,8.5,NA,17,0,HB.H.2,HB.H.2.MT
2011,HB,H,TR,3,H,4.2,0,8,2,4.5,NA,9,0,HB.H.3,HB.H.3.H
2011,HB,H,TR,3,H,5.2,0,6,2,6.5,NA,13,0,HB.H.3,HB.H.3.H
2011,HB,H,TR,3,M,2.4,0,9,1,5,NA,5,0,HB.H.3,HB.H.3.M
2011,HB,H,TR,3,M,4.1,0,10,1,3,NA,3,0,HB.H.3,HB.H.3.M
2011,HB,H,TR,3,M,5.4,0,12,3,1.666666667,NA,5,0,HB.H.3,HB.H.3.M
2011,HB,H,TR,3,MT,5.4,0,6,1,6,NA,6,0,HB.H.3,HB.H.3.MT
2011,HB,H,TR,4,H,2.3,0,8,3,7.333333333,NA,22,0,HB.H.4,HB.H.4.H
2011,HB,H,TR,4,MT,3.1,0,9,6,8.6,NA,52,0,HB.H.4,HB.H.4.MT
2011,HB,H,TR,6,F,1.2,0,23,6,6.4,NA,38,18,HB.H.6,HB.H.6.F
2011,HB,H,TR,6,F,1.5,0,26,12,7,3,68,18.33333333,HB.H.6,HB.H.6.F
2011,HB,H,TR,6,F,2.2,0,11,2,8,NA,16,3,HB.H.6,HB.H.6.F
2011,HB,H,TR,6,F,2.5,0,11,4,2.5,NA,10,4,HB.H.6,HB.H.6.F
2011,HB,H,TR,6,F,3.2,0,12,6,3.6,NA,22,4.8,HB.H.6,HB.H.6.F
2011,HB,H,TR,6,H,1.1,0,8,3,6.666666667,NA,20,0,HB.H.6,HB.H.6.H
2011,HB,H,TR,6,H,5.5,0,11,8,7.333333333,NA,59,0,HB.H.6,HB.H.6.H
2011,HB,H,TR,6,M,1.2,0,11,4,4.5,NA,18,0,HB.H.6,HB.H.6.M
2011,HB,H,TR,6,M,1.4,0,11,3,4,NA,12,0,HB.H.6,HB.H.6.M
2011,HB,H,TR,6,M,2.5,0,16,7,5.857142857,NA,41,1,HB.H.6,HB.H.6.M
2011,HB,H,TR,6,M,3.4,0,14,4,5.5,NA,22,0,HB.H.6,HB.H.6.M
2011,HB,H,TR,6,M,5.1,0,16,2,11.5,NA,23,0,HB.H.6,HB.H.6.M
2011,HB,H,TR,6,MT,1.3,0,10,1,3,NA,3,0,HB.H.6,HB.H.6.MT
2011,HB,H,TR,7,F,1.2,0,31,14,9.6,1.75,95,0,HB.H.7,HB.H.7.F
2011,HB,H,TR,7,F,2.1,0,12,1,2,NA,2,0,HB.H.7,HB.H.7.F
2011,HB,H,TR,7,F,4.5,0,17,7,6.5,6,44,0,HB.H.7,HB.H.7.F
2011,HB,H,TR,7,MT,2.1,0,11,9,9.25,NA,83,2.25,HB.H.7,HB.H.7.MT
2011,HB,H,TR,7,MT,2.4,0,10,3,9.333333333,NA,28,0,HB.H.7,HB.H.7.MT
2011,HB,H,TR,7,MT,3.5,0,10,4,8.75,NA,35,0,HB.H.7,HB.H.7.MT
2011,HB,H,TR,7,MT,4.2,0,9,5,8.333333333,NA,42,3.333333333,HB.H.7,HB.H.7.MT
2011,HB,H,TR,8,H,4.3,0,8,1,8,NA,8,0,HB.H.8,HB.H.8.H
2011,HB,H,TR,8,H,5.4,0,8,1,8,NA,8,0,HB.H.8,HB.H.8.H
2011,HB,H,TR,8,MT,3.1,0,7,1,4,NA,4,0,HB.H.8,HB.H.8.MT
2011,HB,HE,TR,1,HE,3.2,0,7,3,4.333333333,NA,13,0,HB.HE.1,HB.HE.1.HE
2011,HB,HE,TR,10,MT,5.5,0,8,1,3,NA,3,2,HB.HE.10,HB.HE.10.MT
2011,HB,HE,TR,3,H,3.1,0,9,2,8.5,NA,17,0,HB.HE.3,HB.HE.3.H
2011,HB,HE,TR,3,M,2.1,0,12,3,7.26,NA,22,0,HB.HE.3,HB.HE.3.M
2011,HB,HE,TR,3,M,5.4,0,11,1,7.26,NA,7,0,HB.HE.3,HB.HE.3.M
2011,HB,HE,TR,4,F,5.5,0,26,6,8.333333333,NA,50,0,HB.HE.4,HB.HE.4.F
2011,HB,HE,TR,4,H,5.4,0,8,3,5.333333333,NA,16,0,HB.HE.4,HB.HE.4.H
2011,HB,HE,TR,6,M,2.1,0,12,2,7.26,NA,15,0,HB.HE.6,HB.HE.6.M
2011,HB,HE,TR,7,F,3.1,0,19,4,10.5,10.5,42,0,HB.HE.7,HB.HE.7.F
2011,HB,HE,TR,7,HE,1.2,0,8,2,3.5,NA,7,1,HB.HE.7,HB.HE.7.HE
2011,HB,HE,TR,8,M,3.1,0,12,1,7.26,NA,7,0,HB.HE.8,HB.HE.8.M
2011,HB,HE,TR,9,F,2.4,0,11,1,7.26,NA,7,0,HB.HE.9,HB.HE.9.F
2011,HB,HE,TR,9,L,2.4,0,13,3,5,NA,15,0,HB.HE.9,HB.HE.9.L
2011,HB,L,TR,1,H,1.2,0,11,5,12,NA,60,0,HB.L.1,HB.L.1.H
2011,HB,L,TR,1,H,1.3,1,11,2,NA,8.5,17,0,HB.L.1,HB.L.1.H
2011,HB,L,TR,1,H,2.2,0,12,5,9.6,NA,48,0,HB.L.1,HB.L.1.H
2011,HB,L,TR,1,H,3.2,0,8,3,4.666666667,NA,14,0,HB.L.1,HB.L.1.H
2011,HB,L,TR,1,H,3.3,0,11,5,12.8,NA,64,1,HB.L.1,HB.L.1.H
2011,HB,L,TR,1,H,4.4,0,9,2,12.5,NA,25,0,HB.L.1,HB.L.1.H
2011,HB,L,TR,1,H,5.1,0,9,4,8.25,NA,33,0,HB.L.1,HB.L.1.H
2011,HB,L,TR,1,H,5.3,0,10,8,10.625,NA,85,5,HB.L.1,HB.L.1.H
2011,HB,L,TR,1,L,1.1,0,21,16,8.714285714,10,139,0,HB.L.1,HB.L.1.L
2011,HB,L,TR,1,L,2.3,0,13,4,5,NA,20,0,HB.L.1,HB.L.1.L
2011,HB,L,TR,1,L,2.4,0,18,8,6,NA,48,0,HB.L.1,HB.L.1.L
2011,HB,L,TR,1,L,3.1,0,18,6,8,NA,48,0,HB.L.1,HB.L.1.L
2011,HB,L,TR,1,L,4.4,0,28,10,9.5,NA,95,0,HB.L.1,HB.L.1.L
2011,HB,L,TR,1,M,1.5,0,22,13,9.222222222,1,103,4.888888889,HB.L.1,HB.L.1.M
2011,HB,L,TR,1,M,2.1,0,13,5,4.2,NA,21,1,HB.L.1,HB.L.1.M
2011,HB,L,TR,1,M,2.4,0,11,6,7.666666667,NA,46,0,HB.L.1,HB.L.1.M
2011,HB,L,TR,1,M,3.1,0,13,6,8.4,NA,50,2.4,HB.L.1,HB.L.1.M
2011,HB,L,TR,1,M,5.5,0,57,48,11.86363636,7.571428571,475,5,HB.L.1,HB.L.1.M
2011,HB,L,TR,10,H,1.2,0,9,4,0.75,NA,3,0,HB.L.10,HB.L.10.H
2011,HB,L,TR,10,H,3.1,0,8,5,5,NA,25,0,HB.L.10,HB.L.10.H
2011,HB,L,TR,10,H,4.1,0,7,2,1,NA,2,0,HB.L.10,HB.L.10.H
2011,HB,L,TR,10,H,4.4,0,10,5,3,NA,15,0,HB.L.10,HB.L.10.H
2011,HB,L,TR,10,L,1.2,0,16,1,4,NA,4,0,HB.L.10,HB.L.10.L
2011,HB,L,TR,10,L,1.5,0,18,6,2.333333333,NA,14,0,HB.L.10,HB.L.10.L
2011,HB,L,TR,10,L,4.3,0,18,10,4.2,NA,42,0,HB.L.10,HB.L.10.L
2011,HB,L,TR,10,M,1.1,0,11,4,9,NA,36,1,HB.L.10,HB.L.10.M
2011,HB,L,TR,10,M,1.4,0,16,10,8.9,NA,89,3,HB.L.10,HB.L.10.M
2011,HB,L,TR,10,M,1.5,0,15,11,7.818181818,NA,86,0,HB.L.10,HB.L.10.M
2011,HB,L,TR,10,M,2.5,0,13,6,13,NA,78,2,HB.L.10,HB.L.10.M
2011,HB,L,TR,10,M,3.1,1,3,2,10,NA,20,0,HB.L.10,HB.L.10.M
2011,HB,L,TR,10,M,4.1,0,12,5,5.6,NA,28,36,HB.L.10,HB.L.10.M
2011,HB,L,TR,10,M,4.4,0,12,6,14.5,NA,87,3,HB.L.10,HB.L.10.M
2011,HB,L,TR,10,M,5.2,0,19,11,12.90909091,NA,142,0,HB.L.10,HB.L.10.M
2011,HB,L,TR,2,H,1.2,0,8,4,8.25,NA,33,1,HB.L.2,HB.L.2.H
2011,HB,L,TR,2,H,1.4,0,7,2,3,NA,6,0,HB.L.2,HB.L.2.H
2011,HB,L,TR,2,H,3.5,0,9,7,10.71428571,NA,75,1,HB.L.2,HB.L.2.H
2011,HB,L,TR,2,H,4.1,0,8,4,7,NA,28,0,HB.L.2,HB.L.2.H
2011,HB,L,TR,2,H,4.5,0,10,8,8.5,NA,68,0,HB.L.2,HB.L.2.H
2011,HB,L,TR,2,H,5.4,0,7,3,7.666666667,NA,23,0,HB.L.2,HB.L.2.H
2011,HB,L,TR,2,L,1.1,1,20,2,NA,6.2,12,0,HB.L.2,HB.L.2.L
2011,HB,L,TR,2,L,3.2,0,13,5,2,NA,10,0,HB.L.2,HB.L.2.L
2011,HB,L,TR,2,L,3.3,0,16,11,9,NA,99,0,HB.L.2,HB.L.2.L
2011,HB,L,TR,2,L,4.1,0,16,6,5.833333333,NA,35,0,HB.L.2,HB.L.2.L
2011,HB,L,TR,2,L,4.2,0,16,9,7.666666667,NA,69,0,HB.L.2,HB.L.2.L
2011,HB,L,TR,2,L,4.5,0,12,3,1.433333333,NA,4,0,HB.L.2,HB.L.2.L
2011,HB,L,TR,2,L,5.2,0,15,5,7.2,NA,36,0,HB.L.2,HB.L.2.L
2011,HB,L,TR,2,L,5.5,0,12,3,3.333333333,NA,10,0,HB.L.2,HB.L.2.L
2011,HB,L,TR,2,M,1.4,0,31,20,10.2,8.142857143,190,1,HB.L.2,HB.L.2.M
2011,HB,L,TR,2,M,1.5,0,26,20,11.25,7.666666667,204,5.5,HB.L.2,HB.L.2.M
2011,HB,L,TR,2,M,2.4,0,26,21,12.5,8.833333333,240,0,HB.L.2,HB.L.2.M
2011,HB,L,TR,2,M,3.3,0,24,17,7.25,3,106,16.25,HB.L.2,HB.L.2.M
2011,HB,L,TR,2,M,3.5,0,13,7,10.66666667,NA,75,2.333333333,HB.L.2,HB.L.2.M
2011,HB,L,TR,2,M,4.4,0,24,8,12.28571429,3,89,0,HB.L.2,HB.L.2.M
2011,HB,L,TR,2,M,5.1,0,14,9,8.714285714,NA,78,0,HB.L.2,HB.L.2.M
2011,HB,L,TR,2,M,5.2,0,18,10,10,6,96,1.8,HB.L.2,HB.L.2.M
2011,HB,L,TR,2,M,5.4,0,13,10,12,NA,120,0,HB.L.2,HB.L.2.M
2011,HB,L,TR,3,H,1.2,0,6,2,2,NA,4,0,HB.L.3,HB.L.3.H
2011,HB,L,TR,3,H,1.4,0,8,4,9.75,NA,39,0,HB.L.3,HB.L.3.H
2011,HB,L,TR,3,H,2.1,0,5,1,6,NA,6,0,HB.L.3,HB.L.3.H
2011,HB,L,TR,3,H,2.2,0,8,4,7,NA,28,0,HB.L.3,HB.L.3.H
2011,HB,L,TR,3,H,2.3,0,9,4,5.25,NA,21,1,HB.L.3,HB.L.3.H
2011,HB,L,TR,3,H,2.4,0,7,2,3,NA,6,0,HB.L.3,HB.L.3.H
2011,HB,L,TR,3,H,2.5,0,6,1,3,NA,3,0,HB.L.3,HB.L.3.H
2011,HB,L,TR,3,H,3.1,0,6,1,2,NA,2,0,HB.L.3,HB.L.3.H
2011,HB,L,TR,3,H,3.2,0,6,1,8,NA,8,0,HB.L.3,HB.L.3.H
2011,HB,L,TR,3,H,3.4,0,8,3,9,NA,27,1,HB.L.3,HB.L.3.H
2011,HB,L,TR,3,H,4.4,0,7,1,5,NA,5,0,HB.L.3,HB.L.3.H
2011,HB,L,TR,3,H,4.5,0,8,1,6,NA,6,0,HB.L.3,HB.L.3.H
2011,HB,L,TR,3,L,1.2,0,18,5,9,NA,45,0,HB.L.3,HB.L.3.L
2011,HB,L,TR,3,L,1.3,0,15,1,11,NA,11,1,HB.L.3,HB.L.3.L
2011,HB,L,TR,3,L,2.2,0,21,11,9.714285714,NA,107,0,HB.L.3,HB.L.3.L
2011,HB,L,TR,3,L,3.1,0,16,8,5.5,NA,44,0,HB.L.3,HB.L.3.L
2011,HB,L,TR,3,L,4.2,0,16,8,8,NA,64,0,HB.L.3,HB.L.3.L
2011,HB,L,TR,3,L,4.3,0,36,31,13.08333333,5,317,1.666666667,HB.L.3,HB.L.3.L
2011,HB,L,TR,3,L,5.3,0,13,2,6.5,NA,13,0,HB.L.3,HB.L.3.L
2011,HB,L,TR,3,M,1.3,0,11,6,10.5,NA,63,0,HB.L.3,HB.L.3.M
2011,HB,L,TR,3,M,2.2,0,13,7,8.857142857,NA,62,2,HB.L.3,HB.L.3.M
2011,HB,L,TR,3,M,3.2,0,13,2,7,NA,14,0,HB.L.3,HB.L.3.M
2011,HB,L,TR,3,M,3.3,0,11,3,5.333333333,NA,16,0,HB.L.3,HB.L.3.M
2011,HB,L,TR,3,M,4.1,0,16,9,10.2,NA,92,0,HB.L.3,HB.L.3.M
2011,HB,L,TR,3,M,5.2,0,11,3,9,NA,27,1,HB.L.3,HB.L.3.M
2011,HB,L,TR,4,H,1.1,0,8,2,7,NA,14,1,HB.L.4,HB.L.4.H
2011,HB,L,TR,4,H,1.2,0,8,5,11,NA,55,0,HB.L.4,HB.L.4.H
2011,HB,L,TR,4,H,1.3,0,8,4,10.5,NA,42,2,HB.L.4,HB.L.4.H
2011,HB,L,TR,4,H,2.2,0,7,3,6.666666667,NA,20,0,HB.L.4,HB.L.4.H
2011,HB,L,TR,4,H,2.5,0,8,3,12,NA,36,0,HB.L.4,HB.L.4.H
2011,HB,L,TR,4,H,3.3,0,8,2,8.25,NA,16,1,HB.L.4,HB.L.4.H
2011,HB,L,TR,4,H,4.1,0,8,4,11.5,NA,46,1,HB.L.4,HB.L.4.H
2011,HB,L,TR,4,H,4.2,0,7,2,7.5,NA,15,0,HB.L.4,HB.L.4.H
2011,HB,L,TR,4,H,4.3,0,10,3,13,NA,39,2,HB.L.4,HB.L.4.H
2011,HB,L,TR,4,L,1.5,0,14,9,0.666666667,NA,6,13.5,HB.L.4,HB.L.4.L
2011,HB,L,TR,4,L,2.1,0,15,6,10.5,NA,63,0,HB.L.4,HB.L.4.L
2011,HB,L,TR,4,L,2.4,0,14,2,5.5,NA,11,4,HB.L.4,HB.L.4.L
2011,HB,L,TR,4,L,3.5,0,13,2,3.5,NA,7,2,HB.L.4,HB.L.4.L
2011,HB,L,TR,4,L,4.5,0,16,4,1.25,NA,5,6,HB.L.4,HB.L.4.L
2011,HB,L,TR,4,L,5.2,0,15,5,3.6,NA,18,2,HB.L.4,HB.L.4.L
2011,HB,L,TR,4,L,5.3,0,13,1,1,NA,1,0,HB.L.4,HB.L.4.L
2011,HB,L,TR,4,M,1.2,0,10,2,11.5,NA,23,1,HB.L.4,HB.L.4.M
2011,HB,L,TR,4,M,1.5,0,9,1,4,NA,4,0,HB.L.4,HB.L.4.M
2011,HB,L,TR,4,M,2.4,0,10,2,3,NA,6,0,HB.L.4,HB.L.4.M
2011,HB,L,TR,4,M,2.5,0,10,2,6,NA,12,0,HB.L.4,HB.L.4.M
2011,HB,L,TR,4,M,3.5,0,8,1,4,NA,4,0,HB.L.4,HB.L.4.M
2011,HB,L,TR,4,M,4.1,0,11,3,5.666666667,NA,17,0,HB.L.4,HB.L.4.M
2011,HB,L,TR,4,M,4.3,0,12,2,6.5,NA,13,0,HB.L.4,HB.L.4.M
2011,HB,L,TR,4,M,4.4,0,10,2,7.5,NA,15,0,HB.L.4,HB.L.4.M
2011,HB,L,TR,4,M,5.3,0,10,1,5,NA,5,0,HB.L.4,HB.L.4.M
2011,HB,L,TR,4,M,5.4,0,11,2,2,NA,4,0,HB.L.4,HB.L.4.M
2011,HB,L,TR,4,M,5.5,0,10,2,3.5,NA,7,0,HB.L.4,HB.L.4.M
2011,HB,L,TR,5,H,2.4,0,8,6,8.5,NA,51,0,HB.L.5,HB.L.5.H
2011,HB,L,TR,5,H,3.2,0,10,8,12.83333333,NA,103,1.333333333,HB.L.5,HB.L.5.H
2011,HB,L,TR,5,H,3.3,0,7,2,3.5,NA,7,0,HB.L.5,HB.L.5.H
2011,HB,L,TR,5,H,4.5,0,9,3,1.333333333,NA,4,0,HB.L.5,HB.L.5.H
2011,HB,L,TR,5,L,2.2,0,16,10,4.166666667,NA,42,3.333333333,HB.L.5,HB.L.5.L
2011,HB,L,TR,5,L,4.2,0,14,2,1.5,NA,3,0,HB.L.5,HB.L.5.L
2011,HB,L,TR,5,L,4.3,0,17,3,0.333333333,NA,1,3,HB.L.5,HB.L.5.L
2011,HB,L,TR,5,L,4.4,0,17,8,7.375,NA,59,0,HB.L.5,HB.L.5.L
2011,HB,L,TR,5,M,2.5,0,12,4,2.5,NA,10,1,HB.L.5,HB.L.5.M
2011,HB,L,TR,5,M,4.5,0,14,4,5.25,NA,21,0,HB.L.5,HB.L.5.M
2011,HB,L,TR,5,M,5.5,0,14,6,5.5,NA,33,0,HB.L.5,HB.L.5.M
2011,HB,L,TR,6,H,1.1,0,7,2,0.5,NA,1,0,HB.L.6,HB.L.6.H
2011,HB,L,TR,6,H,1.4,0,6,2,3,NA,6,0,HB.L.6,HB.L.6.H
2011,HB,L,TR,6,H,1.5,0,7,2,1,NA,2,0,HB.L.6,HB.L.6.H
2011,HB,L,TR,6,H,2.3,0,7,1,6,NA,6,0,HB.L.6,HB.L.6.H
2011,HB,L,TR,6,H,2.4,0,6,1,1,NA,1,0,HB.L.6,HB.L.6.H
2011,HB,L,TR,6,H,2.5,0,6,1,1,NA,1,0,HB.L.6,HB.L.6.H
2011,HB,L,TR,6,H,3.3,0,7,1,3,NA,3,0,HB.L.6,HB.L.6.H
2011,HB,L,TR,6,H,4.3,0,8,1,1,NA,1,0,HB.L.6,HB.L.6.H
2011,HB,L,TR,6,H,4.4,0,6,1,3,NA,3,0,HB.L.6,HB.L.6.H
2011,HB,L,TR,6,H,5.2,0,7,2,3.5,NA,7,0,HB.L.6,HB.L.6.H
2011,HB,L,TR,6,H,5.3,0,8,3,3,NA,9,0,HB.L.6,HB.L.6.H
2011,HB,L,TR,6,H,5.4,0,7,1,8,NA,8,0,HB.L.6,HB.L.6.H
2011,HB,L,TR,6,H,5.5,0,8,2,5.5,NA,11,1,HB.L.6,HB.L.6.H
2011,HB,L,TR,6,L,3.5,0,15,7,2.571428571,NA,18,21,HB.L.6,HB.L.6.L
2011,HB,L,TR,6,L,4.1,0,12,2,5.5,NA,11,0,HB.L.6,HB.L.6.L
2011,HB,L,TR,6,L,4.4,0,16,2,13,NA,26,0,HB.L.6,HB.L.6.L
2011,HB,L,TR,6,L,5.2,0,15,5,9.8,NA,49,0,HB.L.6,HB.L.6.L
2011,HB,L,TR,6,L,5.3,0,12,3,3,NA,9,0,HB.L.6,HB.L.6.L
2011,HB,L,TR,6,M,1.1,0,12,5,7.2,NA,36,1,HB.L.6,HB.L.6.M
2011,HB,L,TR,6,M,1.4,0,13,4,8.75,NA,35,2,HB.L.6,HB.L.6.M
2011,HB,L,TR,6,M,1.5,0,14,6,11.16666667,NA,67,1,HB.L.6,HB.L.6.M
2011,HB,L,TR,6,M,2.1,0,11,4,8.75,NA,35,0,HB.L.6,HB.L.6.M
2011,HB,L,TR,6,M,2.5,0,11,3,9.333333333,NA,28,0,HB.L.6,HB.L.6.M
2011,HB,L,TR,6,M,3.1,0,11,2,5,NA,10,0,HB.L.6,HB.L.6.M
2011,HB,L,TR,6,M,3.3,0,10,4,7.5,NA,30,1,HB.L.6,HB.L.6.M
2011,HB,L,TR,6,M,4.1,0,13,3,6,NA,18,0,HB.L.6,HB.L.6.M
2011,HB,L,TR,6,M,4.2,0,12,5,9.6,NA,48,0,HB.L.6,HB.L.6.M
2011,HB,L,TR,6,M,4.3,0,15,3,4.666666667,NA,14,0,HB.L.6,HB.L.6.M
2011,HB,L,TR,6,M,5.2,0,9,3,7.666666667,NA,23,0,HB.L.6,HB.L.6.M
2011,HB,L,TR,6,M,5.3,0,10,4,11.5,NA,46,0,HB.L.6,HB.L.6.M
2011,HB,L,TR,6,M,5.5,0,11,2,7,NA,14,0,HB.L.6,HB.L.6.M
2011,HB,L,TR,7,H,1.3,0,17,8,11.5,NA,92,0,HB.L.7,HB.L.7.H
2011,HB,L,TR,7,H,2.2,0,8,4,4.75,NA,19,0,HB.L.7,HB.L.7.H
2011,HB,L,TR,7,H,2.4,0,8,4,10.75,NA,43,0,HB.L.7,HB.L.7.H
2011,HB,L,TR,7,H,3.1,0,12,11,11.66666667,NA,128,0,HB.L.7,HB.L.7.H
2011,HB,L,TR,7,H,4.2,0,9,1,9,NA,9,1,HB.L.7,HB.L.7.H
2011,HB,L,TR,7,H,5.3,0,10,7,7.285714286,NA,51,1,HB.L.7,HB.L.7.H
2011,HB,L,TR,7,L,2.3,0,18,9,3,NA,27,1.285714286,HB.L.7,HB.L.7.L
2011,HB,L,TR,7,L,2.5,0,18,16,4.714285714,4.833333333,75,73.14285714,HB.L.7,HB.L.7.L
2011,HB,L,TR,7,L,3.3,0,25,13,9.5,NA,124,0,HB.L.7,HB.L.7.L
2011,HB,L,TR,7,L,3.5,0,58,31,11.5,5.833333333,260,0,HB.L.7,HB.L.7.L
2011,HB,L,TR,7,L,4.1,0,35,12,1.1,0.5,12,4,HB.L.7,HB.L.7.L
2011,HB,L,TR,7,L,5.1,0,33,25,9,6.714285714,204,5.333333333,HB.L.7,HB.L.7.L
2011,HB,L,TR,7,L,5.2,0,51,27,10.125,3.666666667,202,0,HB.L.7,HB.L.7.L
2011,HB,L,TR,7,M,1.1,0,33,26,9.25,4.285714286,191,6.857142857,HB.L.7,HB.L.7.M
2011,HB,L,TR,7,M,1.5,0,15,10,10.2,NA,102,4,HB.L.7,HB.L.7.M
2011,HB,L,TR,7,M,4.1,0,26,24,12.57142857,6.833333333,250,0,HB.L.7,HB.L.7.M
2011,HB,L,TR,7,M,4.4,0,14,3,7.333333333,NA,22,0,HB.L.7,HB.L.7.M
2011,HB,L,TR,7,M,5.4,0,20,12,6.2,4.666666667,70,19.8,HB.L.7,HB.L.7.M
2011,HB,L,TR,8,H,1.4,0,5,1,8,NA,8,0,HB.L.8,HB.L.8.H
2011,HB,L,TR,8,H,2.2,0,10,3,7.333333333,NA,22,0,HB.L.8,HB.L.8.H
2011,HB,L,TR,8,H,3.1,0,7,2,9,NA,18,0,HB.L.8,HB.L.8.H
2011,HB,L,TR,8,H,3.5,0,6,1,10,NA,10,0,HB.L.8,HB.L.8.H
2011,HB,L,TR,8,H,5.1,0,6,2,12.5,NA,25,0,HB.L.8,HB.L.8.H
2011,HB,L,TR,8,H,5.4,0,6,1,7,NA,7,0,HB.L.8,HB.L.8.H
2011,HB,L,TR,8,L,1.5,0,19,5,8.75,NA,44,5,HB.L.8,HB.L.8.L
2011,HB,L,TR,8,L,5.4,0,15,2,2.5,NA,5,0,HB.L.8,HB.L.8.L
2011,HB,L,TR,8,M,1.5,0,14,3,5.666666667,NA,17,1,HB.L.8,HB.L.8.M
2011,HB,L,TR,8,M,3.1,0,24,21,12,5.666666667,208,2.333333333,HB.L.8,HB.L.8.M
2011,HB,L,TR,8,M,3.3,0,14,10,8,NA,80,0,HB.L.8,HB.L.8.M
2011,HB,L,TR,9,H,1.1,0,9,2,3.5,NA,7,0,HB.L.9,HB.L.9.H
2011,HB,L,TR,9,H,3.1,0,10,6,7.5,NA,45,0,HB.L.9,HB.L.9.H
2011,HB,L,TR,9,H,3.3,0,6,1,6,NA,6,0,HB.L.9,HB.L.9.H
2011,HB,L,TR,9,H,5.4,0,8,1,6,NA,6,0,HB.L.9,HB.L.9.H
2011,HB,L,TR,9,L,1.1,0,37,20,10.4,5.4,173,1.3,HB.L.9,HB.L.9.L
2011,HB,L,TR,9,L,1.2,0,15,3,3,NA,9,0,HB.L.9,HB.L.9.L
2011,HB,L,TR,9,L,1.5,0,13,2,1.5,NA,3,0,HB.L.9,HB.L.9.L
2011,HB,L,TR,9,L,2.2,0,18,12,11.25,NA,135,3,HB.L.9,HB.L.9.L
2011,HB,L,TR,9,L,2.5,0,17,11,11,NA,121,0,HB.L.9,HB.L.9.L
2011,HB,L,TR,9,L,3.2,0,13,3,10.25,NA,31,0.75,HB.L.9,HB.L.9.L
2011,HB,L,TR,9,L,3.3,1,16,3,6.4,5,15,0,HB.L.9,HB.L.9.L
2011,HB,L,TR,9,L,3.5,0,14,7,4.25,NA,30,33.25,HB.L.9,HB.L.9.L
2011,HB,L,TR,9,L,4.2,1,33,12,NA,8.5,102,0,HB.L.9,HB.L.9.L
2011,HB,L,TR,9,L,4.3,0,26,17,10,0,160,1.777777778,HB.L.9,HB.L.9.L
2011,HB,L,TR,9,L,4.4,0,18,8,9.333333333,NA,75,0,HB.L.9,HB.L.9.L
2011,HB,L,TR,9,L,4.5,0,13,6,11,NA,66,1,HB.L.9,HB.L.9.L
2011,HB,L,TR,9,L,5.3,0,39,19,9.454545455,4.875,161,2.863636364,HB.L.9,HB.L.9.L
2011,HB,L,TR,9,M,1.2,0,18,10,11.6,NA,116,1,HB.L.9,HB.L.9.M
2011,HB,L,TR,9,M,1.3,0,28,11,9.111111111,6,97,1.111111111,HB.L.9,HB.L.9.M
2011,HB,L,TR,9,M,1.4,0,19,12,10.45454545,NA,125,0,HB.L.9,HB.L.9.M
2011,HB,L,TR,9,M,1.5,0,23,31,12.83333333,5.6,350,6,HB.L.9,HB.L.9.M
2011,HB,L,TR,9,M,2.1,0,13,5,8,NA,40,0,HB.L.9,HB.L.9.M
2011,HB,L,TR,9,M,2.5,0,11,4,7.75,NA,31,0,HB.L.9,HB.L.9.M
2011,HB,L,TR,9,M,3.1,0,9,3,7,NA,21,0,HB.L.9,HB.L.9.M
2011,HB,L,TR,9,M,3.3,0,21,9,10,NA,90,0,HB.L.9,HB.L.9.M
2011,HB,L,TR,9,M,3.4,0,11,4,13.25,NA,53,0,HB.L.9,HB.L.9.M
2011,HB,L,TR,9,M,4.2,0,14,7,11,NA,77,0,HB.L.9,HB.L.9.M
2011,HB,L,TR,9,M,5.4,0,29,21,13.5,5.166666667,217,16.29166667,HB.L.9,HB.L.9.M
2011,HB,L,TR,9,M,5.5,0,25,14,10.125,NA,142,0,HB.L.9,HB.L.9.M
2011,HB,M,TR,1,H,1.3,0,8,4,5.25,NA,21,0,HB.M.1,HB.M.1.H
2011,HB,M,TR,1,H,1.4,0,11,11,5.5,NA,60,0,HB.M.1,HB.M.1.H
2011,HB,M,TR,1,H,2.3,0,10,6,2.4,NA,14,13.2,HB.M.1,HB.M.1.H
2011,HB,M,TR,1,H,2.4,0,10,2,6,NA,12,0,HB.M.1,HB.M.1.H
2011,HB,M,TR,1,H,3.1,0,11,12,6.444444444,NA,77,6.666666667,HB.M.1,HB.M.1.H
2011,HB,M,TR,1,H,3.2,0,8,2,3.5,NA,7,0,HB.M.1,HB.M.1.H
2011,HB,M,TR,1,H,3.4,0,10,3,1.333333333,NA,4,0,HB.M.1,HB.M.1.H
2011,HB,M,TR,1,H,3.5,0,9,3,2.333333333,NA,7,2,HB.M.1,HB.M.1.H
2011,HB,M,TR,1,H,4.1,0,11,3,3.333333333,NA,10,0,HB.M.1,HB.M.1.H
2011,HB,M,TR,1,H,4.4,0,13,3,8.333333333,NA,25,0,HB.M.1,HB.M.1.H
2011,HB,M,TR,1,H,5.1,0,9,7,4.428571429,NA,31,0,HB.M.1,HB.M.1.H
2011,HB,M,TR,1,H,5.2,0,8,5,6.6,NA,33,1,HB.M.1,HB.M.1.H
2011,HB,M,TR,1,H,5.3,0,9,5,7.2,NA,36,0,HB.M.1,HB.M.1.H
2011,HB,M,TR,1,M,1.1,0,19,3,5,NA,15,0,HB.M.1,HB.M.1.M
2011,HB,M,TR,1,M,1.5,0,14,4,10,NA,40,0,HB.M.1,HB.M.1.M
2011,HB,M,TR,1,M,4.4,0,17,4,7.25,NA,29,0,HB.M.1,HB.M.1.M
2011,HB,M,TR,1,M,4.5,0,15,3,3.5,NA,10,0,HB.M.1,HB.M.1.M
2011,HB,M,TR,10,H,1.3,0,16,11,8.75,NA,96,0,HB.M.10,HB.M.10.H
2011,HB,M,TR,10,H,2.2,0,9,5,6.4,NA,32,5,HB.M.10,HB.M.10.H
2011,HB,M,TR,10,H,2.3,0,9,1,1.5,NA,2,0,HB.M.10,HB.M.10.H
2011,HB,M,TR,10,H,2.4,0,9,3,6,NA,18,0,HB.M.10,HB.M.10.H
2011,HB,M,TR,10,H,3.1,0,10,6,9.75,NA,58,0,HB.M.10,HB.M.10.H
2011,HB,M,TR,10,H,4.3,0,7,2,9.5,NA,19,0,HB.M.10,HB.M.10.H
2011,HB,M,TR,10,H,5.3,0,10,6,9.833333333,NA,59,10,HB.M.10,HB.M.10.H
2011,HB,M,TR,10,H,5.4,0,12,10,10.8,NA,108,2,HB.M.10,HB.M.10.H
2011,HB,M,TR,10,L,3.1,0,14,1,4,NA,4,1,HB.M.10,HB.M.10.L
2011,HB,M,TR,10,M,1.4,0,15,4,2.4,NA,10,18.4,HB.M.10,HB.M.10.M
2011,HB,M,TR,10,M,1.5,0,29,12,4.833333333,2,52,30,HB.M.10,HB.M.10.M
2011,HB,M,TR,10,M,2.3,0,30,9,10.77777778,NA,97,1,HB.M.10,HB.M.10.M
2011,HB,M,TR,10,M,2.4,0,11,3,2,NA,6,6,HB.M.10,HB.M.10.M
2011,HB,M,TR,10,M,2.5,0,18,7,8.666666667,NA,61,9.333333333,HB.M.10,HB.M.10.M
2011,HB,M,TR,10,M,3.3,0,14,7,5.285714286,NA,37,13,HB.M.10,HB.M.10.M
2011,HB,M,TR,10,M,3.4,0,18,9,4.5,NA,40,9,HB.M.10,HB.M.10.M
2011,HB,M,TR,10,M,4.2,0,24,9,2.666666667,NA,24,24,HB.M.10,HB.M.10.M
2011,HB,M,TR,10,M,4.4,0,14,5,6,NA,30,4,HB.M.10,HB.M.10.M
2011,HB,M,TR,10,M,5.1,0,14,6,5.2,NA,31,0,HB.M.10,HB.M.10.M
2011,HB,M,TR,10,M,5.3,0,16,3,2,NA,6,4,HB.M.10,HB.M.10.M
2011,HB,M,TR,2,H,1.1,0,10,7,9.333333333,NA,65,2.333333333,HB.M.2,HB.M.2.H
2011,HB,M,TR,2,H,1.2,0,11,12,9.285714286,NA,111,1.714285714,HB.M.2,HB.M.2.H
2011,HB,M,TR,2,H,2.2,0,9,3,8.333333333,NA,25,0,HB.M.2,HB.M.2.H
2011,HB,M,TR,2,H,2.5,0,10,10,10.5,NA,105,0,HB.M.2,HB.M.2.H
2011,HB,M,TR,2,H,3.2,0,10,7,10.75,NA,75,0,HB.M.2,HB.M.2.H
2011,HB,M,TR,2,H,3.4,0,12,13,12.42857143,10,159,0,HB.M.2,HB.M.2.H
2011,HB,M,TR,2,H,4.3,0,12,9,10.5,NA,94,0,HB.M.2,HB.M.2.H
2011,HB,M,TR,2,H,4.5,0,16,14,11.4,11,159,0,HB.M.2,HB.M.2.H
2011,HB,M,TR,2,H,5.1,0,9,9,8.5,NA,76,0,HB.M.2,HB.M.2.H
2011,HB,M,TR,2,H,5.5,0,21,14,13,7,176,2.166666667,HB.M.2,HB.M.2.H
2011,HB,M,TR,3,H,1.1,0,12,7,9.428571429,NA,66,0,HB.M.3,HB.M.3.H
2011,HB,M,TR,3,H,1.2,0,7,3,7.333333333,NA,22,0,HB.M.3,HB.M.3.H
2011,HB,M,TR,3,H,1.3,0,7,3,4.333333333,NA,13,0,HB.M.3,HB.M.3.H
2011,HB,M,TR,3,H,2.1,0,9,5,9,NA,45,0,HB.M.3,HB.M.3.H
2011,HB,M,TR,3,H,2.4,0,8,2,10,NA,20,0,HB.M.3,HB.M.3.H
2011,HB,M,TR,3,H,3.2,0,9,3,6.666666667,NA,20,0,HB.M.3,HB.M.3.H
2011,HB,M,TR,3,H,3.3,0,9,3,10,NA,30,0,HB.M.3,HB.M.3.H
2011,HB,M,TR,3,H,3.5,0,11,5,8,NA,40,1,HB.M.3,HB.M.3.H
2011,HB,M,TR,3,H,4.2,0,10,6,8.666666667,NA,52,0,HB.M.3,HB.M.3.H
2011,HB,M,TR,3,H,4.4,0,8,5,6.6,NA,33,0,HB.M.3,HB.M.3.H
2011,HB,M,TR,3,H,5.2,0,7,2,7,NA,14,0,HB.M.3,HB.M.3.H
2011,HB,M,TR,3,L,2.2,0,17,2,8,NA,16,1.333333333,HB.M.3,HB.M.3.L
2011,HB,M,TR,3,L,2.3,0,16,1,4,NA,4,0,HB.M.3,HB.M.3.L
2011,HB,M,TR,3,M,1.1,0,41,3,10.75,NA,32,0.75,HB.M.3,HB.M.3.M
2011,HB,M,TR,3,M,3.1,0,16,3,11.5,NA,34,0,HB.M.3,HB.M.3.M
2011,HB,M,TR,3,M,3.3,0,16,4,3.5,NA,14,0,HB.M.3,HB.M.3.M
2011,HB,M,TR,4,H,5.4,0,11,4,6,NA,24,0,HB.M.4,HB.M.4.H
2011,HB,M,TR,4,L,1.1,0,15,3,1.5,NA,4,0,HB.M.4,HB.M.4.L
2011,HB,M,TR,4,L,1.2,0,33,6,2.333333333,NA,14,0,HB.M.4,HB.M.4.L
2011,HB,M,TR,4,M,1.4,0,32,4,2,NA,8,0,HB.M.4,HB.M.4.M
2011,HB,M,TR,4,M,2.1,0,15,3,2.333333333,NA,7,0,HB.M.4,HB.M.4.M
2011,HB,M,TR,4,M,2.4,0,15,2,5,NA,10,0,HB.M.4,HB.M.4.M
2011,HB,M,TR,4,M,3.4,0,14,7,11.71428571,NA,82,0,HB.M.4,HB.M.4.M
2011,HB,M,TR,5,H,1.1,0,15,5,7,NA,35,0,HB.M.5,HB.M.5.H
2011,HB,M,TR,5,H,1.2,0,10,2,1.5,NA,3,0,HB.M.5,HB.M.5.H
2011,HB,M,TR,5,H,1.3,0,11,4,3.5,NA,14,0,HB.M.5,HB.M.5.H
2011,HB,M,TR,5,H,2.1,0,17,11,7.1,NA,78,0,HB.M.5,HB.M.5.H
2011,HB,M,TR,5,H,2.2,0,12,4,1.75,NA,7,0,HB.M.5,HB.M.5.H
2011,HB,M,TR,5,H,2.3,0,12,11,5.666666667,NA,62,0,HB.M.5,HB.M.5.H
2011,HB,M,TR,5,H,3.1,0,12,11,9.25,NA,102,0,HB.M.5,HB.M.5.H
2011,HB,M,TR,5,H,3.3,0,11,8,11,NA,88,0,HB.M.5,HB.M.5.H
2011,HB,M,TR,5,H,3.4,0,10,6,4.666666667,NA,28,0,HB.M.5,HB.M.5.H
2011,HB,M,TR,5,H,3.5,0,10,4,5.333333333,NA,21,0,HB.M.5,HB.M.5.H
2011,HB,M,TR,5,H,4.2,0,11,6,7.5,NA,45,0,HB.M.5,HB.M.5.H
2011,HB,M,TR,5,H,4.3,0,10,5,3.75,NA,19,0,HB.M.5,HB.M.5.H
2011,HB,M,TR,5,H,5.3,0,11,6,5,NA,30,0,HB.M.5,HB.M.5.H
2011,HB,M,TR,5,H,5.4,0,12,9,5.666666667,NA,51,0,HB.M.5,HB.M.5.H
2011,HB,M,TR,5,M,3.1,0,15,5,0.8,NA,4,0,HB.M.5,HB.M.5.M
2011,HB,M,TR,6,H,1.5,0,10,5,1,NA,5,0,HB.M.6,HB.M.6.H
2011,HB,M,TR,6,M,3.5,0,12,4,1.5,NA,6,0,HB.M.6,HB.M.6.M
2011,HB,M,TR,6,M,4.2,0,13,2,7,NA,14,0,HB.M.6,HB.M.6.M
2011,HB,M,TR,6,M,5.1,0,13,1,7,NA,7,0,HB.M.6,HB.M.6.M
2011,HB,M,TR,7,L,5.1,0,14,5,5.333333333,NA,27,11.66666667,HB.M.7,HB.M.7.L
2011,HB,M,TR,7,M,3.1,0,23,18,6.8,3.666666667,113,17,HB.M.7,HB.M.7.M
2011,HB,M,TR,8,H,2.4,0,10,3,12.66666667,NA,38,0,HB.M.8,HB.M.8.H
2011,HB,M,TR,8,H,3.1,0,18,12,13,9.75,150,20,HB.M.8,HB.M.8.H
2011,HB,M,TR,8,L,1.4,0,35,2,0.285714286,NA,1,3.142857143,HB.M.8,HB.M.8.L
2011,HB,M,TR,8,L,3.4,0,51,17,7.833333333,0,86,11.25,HB.M.8,HB.M.8.L
2011,HB,M,TR,8,L,4.4,0,20,5,3.375,NA,17,17.5,HB.M.8,HB.M.8.L
2011,HB,M,TR,8,L,4.5,0,16,3,1.666666667,NA,5,3,HB.M.8,HB.M.8.L
2011,HB,M,TR,8,L,5.2,0,19,2,1,NA,2,12.5,HB.M.8,HB.M.8.L
2011,HB,M,TR,8,M,1.1,0,20,10,6.666666667,NA,67,3.333333333,HB.M.8,HB.M.8.M
2011,HB,M,TR,8,M,1.2,0,32,15,10.5,1.6,113,5,HB.M.8,HB.M.8.M
2011,HB,M,TR,8,M,1.3,0,33,17,12,4.714285714,153,0,HB.M.8,HB.M.8.M
2011,HB,M,TR,8,M,1.4,1,7,7,13,0.428571429,3,9,HB.M.8,HB.M.8.M
2011,HB,M,TR,8,M,1.5,0,27,15,4.818181818,0,53,40,HB.M.8,HB.M.8.M
2011,HB,M,TR,9,H,1.5,0,11,6,12.16666667,NA,73,0,HB.M.9,HB.M.9.H
2011,HB,M,TR,9,L,1.1,0,19,11,9.909090909,NA,109,2,HB.M.9,HB.M.9.L
2011,HB,M,TR,9,L,4.5,0,30,10,5.818181818,NA,58,13.63636364,HB.M.9,HB.M.9.L
2011,HB,M,TR,9,M,5.3,0,13,7,5.428571429,NA,38,4,HB.M.9,HB.M.9.M
2012,HB,A,OTC,22,M,1.3,0,12,4,5.5,NA,22,10,HB.A.22,HB.A.22.M
2012,HB,A,OTC,22,M,1.5,0,28,8,5.416666667,5,43,18.66666667,HB.A.22,HB.A.22.M
2012,HB,A,OTC,22,M,3.3A,0,17,7,12.5,NA,88,3.5,HB.A.22,HB.A.22.M
2012,HB,A,TR,13,F,1.4,0,8,1,2,NA,2,0,HB.A.13,HB.A.13.F
2012,HB,A,TR,21,F,5.1,0,11,1,3,NA,3,0,HB.A.21,HB.A.21.F
2012,HB,H,OTC,16,H,2.1,0,14,3,11.33333333,NA,34,1,HB.H.16,HB.H.16.H
2012,HB,H,OTC,28,H,3.5,0,8,1,7,NA,7,0,HB.H.28,HB.H.28.H
2012,HB,H,OTC,28,H,4.3,0,12,4,7,NA,28,9,HB.H.28,HB.H.28.H
2012,HB,H,OTC,28,H,4.5,0,9,2,11,NA,22,0,HB.H.28,HB.H.28.H
2012,HB,H,OTC,28,H,5.3,0,7,1,4,NA,4,0,HB.H.28,HB.H.28.H
2012,HB,H,OTC,28,H,5.5,0,9,4,11.5,NA,46,0,HB.H.28,HB.H.28.H
2012,HB,H,OTC,28,M,2.1,0,26,11,9.8,8,101,2,HB.H.28,HB.H.28.M
2012,HB,H,OTC,28,M,3.2,0,12,6,5,NA,30,3,HB.H.28,HB.H.28.M
2012,HB,H,OTC,28,M,4.5,0,11,2,6,NA,12,0,HB.H.28,HB.H.28.M
2012,HB,H,TR,11,F,1.3,1,19,6,5,13,30,0,HB.H.11,HB.H.11.F
2012,HB,H,TR,11,M,3.5,1,25,4,NA,13.75,55,0,HB.H.11,HB.H.11.M
2012,HB,H,TR,11,MT,5.4,0,18,11,3.444444444,1,31,25.77777778,HB.H.11,HB.H.11.MT
2012,HB,H,TR,13,F,1.1,0,20,8,10,NA,80,2.666666667,HB.H.13,HB.H.13.F
2012,HB,H,TR,13,H,2.2,1,9,1,8,NA,8,0,HB.H.13,HB.H.13.H
2012,HB,H,TR,13,M,3.5,0,20,7,10.33333333,NA,72,5.833333333,HB.H.13,HB.H.13.M
2012,HB,H,TR,13,MT,3.1,0,17,6,13,NA,78,0,HB.H.13,HB.H.13.MT
2012,HB,H,TR,13,MT,3.2,0,17,2,11,NA,22,1,HB.H.13,HB.H.13.MT
2012,HB,H,TR,15,F,3.4,0,32,13,5.5,8.25,96,0,HB.H.15,HB.H.15.F
2012,HB,H,TR,15,L,1.5,1,20,3,NA,3,9,28,HB.H.15,HB.H.15.L
2012,HB,H,TR,15,L,5.2,1,26,3,NA,13.33333333,40,0,HB.H.15,HB.H.15.L
2012,HB,H,TR,15,MT,2.2,0,12,6,8,NA,48,18,HB.H.15,HB.H.15.MT
2012,HB,H,TR,15,MT,2.3,0,11,3,3.25,NA,10,10.5,HB.H.15,HB.H.15.MT
2012,HB,H,TR,15,MT,3.1,0,12,7,6.8,NA,48,14,HB.H.15,HB.H.15.MT
2012,HB,H,TR,15,MT,3.3,0,32,22,10.6,7,197,24.8,HB.H.15,HB.H.15.MT
2012,HB,H,TR,15,MT,5.1,0,24,17,8.5,12,169,12,HB.H.15,HB.H.15.MT
2012,HB,H,TR,15,MT,5.5,0,22,14,2.857142857,4,46,68.9047619,HB.H.15,HB.H.15.MT
2012,HB,H,TR,17,F,5.5,0,11,7,9,NA,63,1.4,HB.H.17,HB.H.17.F
2012,HB,H,TR,17,MT,5.4,0,21,19,2.636363636,6,67,21.1969697,HB.H.17,HB.H.17.MT
2012,HB,H,TR,19,M,1.3,1,17,5,11,6.5,37,0,HB.H.19,HB.H.19.M
2012,HB,H,TR,19,M,3.4,1,21,3,NA,0.666666667,2,20,HB.H.19,HB.H.19.M
2012,HB,H,TR,19,M,3.5,1,14,1,10,NA,10,0,HB.H.19,HB.H.19.M
2012,HB,H,TR,19,MT,1.1,0,16,11,10.57142857,NA,116,26.71428571,HB.H.19,HB.H.19.MT
2012,HB,H,TR,19,MT,1.5,0,10,8,3,NA,24,0,HB.H.19,HB.H.19.MT
2012,HB,H,TR,19,MT,2.3,0,13,6,8.75,NA,52,6,HB.H.19,HB.H.19.MT
2012,HB,H,TR,19,MT,2.4,0,11,7,5.25,NA,37,24.5,HB.H.19,HB.H.19.MT
2012,HB,H,TR,19,MT,3.1,0,19,10,7.2,5,65,1.4,HB.H.19,HB.H.19.MT
2012,HB,H,TR,19,MT,3.5,0,19,10,6.2,NA,62,34,HB.H.19,HB.H.19.MT
2012,HB,H,TR,19,MT,4.4,1,17,3,4,3,11,3,HB.H.19,HB.H.19.MT
2012,HB,H,TR,19,MT,5.1,0,10,6,5.666666667,NA,34,18,HB.H.19,HB.H.19.MT
2012,HB,H,TR,20,M,3.4,0,14,4,6.75,NA,27,0,HB.H.20,HB.H.20.M
2012,HB,H,TR,20,M,4.3,1,13,2,NA,12,24,0,HB.H.20,HB.H.20.M
2012,HB,H,TR,23,M,3.3,1,18,6,4.666666667,12,57,5,HB.H.23,HB.H.23.M
2012,HB,H,TR,23,MT,5.5,1,23,3,NA,6.666666667,20,0,HB.H.23,HB.H.23.MT
2012,HB,H,TR,24,M,2.5,1,7,8,8.142857143,12.5,74,1.857142857,HB.H.24,HB.H.24.M
2012,HB,H,TR,25,F,1.3,0,34,8,5.666666667,9,62,4,HB.H.25,HB.H.25.F
2012,HB,H,TR,25,F,2.5,0,NA,6,10.2,7.5,61,0,HB.H.25,HB.H.25.F
2012,HB,H,TR,25,F,3.1,1,14,7,10,6,50,2.142857143,HB.H.25,HB.H.25.F
2012,HB,H,TR,25,F,3.2,0,18,3,5.5,NA,16,3,HB.H.25,HB.H.25.F
2012,HB,H,TR,25,F,3.3,1,19,4,8.75,5,35,1,HB.H.25,HB.H.25.F
2012,HB,H,TR,25,F,3.5,0,20,8,7.6,5,53,0,HB.H.25,HB.H.25.F
2012,HB,H,TR,25,F,4.2,0,24,6,6.666666667,3.5,30,0,HB.H.25,HB.H.25.F
2012,HB,H,TR,25,F,4.5,0,21,10,10,6,80,0,HB.H.25,HB.H.25.F
2012,HB,H,TR,25,F,5.2,0,36,12,1.6,3.666666667,32,24.4,HB.H.25,HB.H.25.F
2012,HB,H,TR,25,F,5.4,1,13,9,9,11,87,1.2,HB.H.25,HB.H.25.F
2012,HB,H,TR,25,H,1.3,0,20,6,9.6,NA,58,0,HB.H.25,HB.H.25.H
2012,HB,H,TR,25,H,2.4,0,12,5,7.5,NA,38,11.25,HB.H.25,HB.H.25.H
2012,HB,H,TR,25,H,3.3,0,11,4,8.25,NA,33,7,HB.H.25,HB.H.25.H
2012,HB,H,TR,25,H,4.3,0,16,9,4.545454545,NA,41,2.454545455,HB.H.25,HB.H.25.H
2012,HB,H,TR,25,H,4.3,0,14,8,4.545454545,NA,36,2.181818182,HB.H.25,HB.H.25.H
2012,HB,H,TR,25,H,5.1,0,9,6,8.75,NA,52,13.5,HB.H.25,HB.H.25.H
2012,HB,H,TR,25,L,1.2,1,15,1,15,6,6,0,HB.H.25,HB.H.25.L
2012,HB,H,TR,25,L,1.4,0,25,9,4.166666667,NA,38,21,HB.H.25,HB.H.25.L
2012,HB,H,TR,25,M,2.2,0,45,27,11.57142857,8.333333333,274,2.142857143,HB.H.25,HB.H.25.M
2012,HB,H,TR,25,M,2.5,0,20,9,6.666666667,10.5,72,15,HB.H.25,HB.H.25.M
2012,HB,H,TR,25,M,4.1,0,21,13,10.8,6.333333333,123,9.8,HB.H.25,HB.H.25.M
2012,HB,H,TR,25,M,4.4,0,23,6,7.4,NA,44,9.6,HB.H.25,HB.H.25.M
2012,HB,H,TR,25,M,5.2,0,10,2,2.5,NA,5,4,HB.H.25,HB.H.25.M
2012,HB,H,TR,25,MT,1.5,0,12,8,5,NA,40,8,HB.H.25,HB.H.25.MT
2012,HB,H,TR,25,MT,2.3,0,12,5,9.6,NA,48,0,HB.H.25,HB.H.25.MT
2012,HB,H,TR,25,MT,3.4,1,15,3,NA,7.666666667,23,5,HB.H.25,HB.H.25.MT
2012,HB,H,TR,25,MT,3.5,0,9,4,1.25,NA,5,11,HB.H.25,HB.H.25.MT
2012,HB,H,TR,25,MT,4.1,0,9,4,0.75,NA,3,0,HB.H.25,HB.H.25.MT
2012,HB,H,TR,25,MT,4.3,0,14,6,9.8,NA,59,7.2,HB.H.25,HB.H.25.MT
2012,HB,H,TR,25,MT,4.4,0,11,5,3.6,NA,18,20,HB.H.25,HB.H.25.MT
2012,HB,H,TR,25,MT,5.3,0,15,8,4.833333333,NA,39,13.33333333,HB.H.25,HB.H.25.MT
2012,HB,H,TR,25,MT,5.5,0,11,1,10,NA,10,0,HB.H.25,HB.H.25.MT
2012,HB,H,TR,26,H,3.1,0,11,4,10.5,6.75,90,25.5,HB.H.26,HB.H.26.H
2012,HB,H,TR,26,H,5.1,0,16,6,7.2,NA,50,0.7,HB.H.26,HB.H.26.H
2012,HB,H,TR,26,H,5.2,0,9,3,5,NA,15,5,HB.H.26,HB.H.26.H
2012,HB,H,TR,26,M,2.4,0,15,2,6,NA,12,0,HB.H.26,HB.H.26.M
2012,HB,H,TR,26,M,2.5,0,17,11,5.545454545,NA,61,8,HB.H.26,HB.H.26.M
2012,HB,H,TR,27,F,1.4,0,9,2,9,NA,18,0,HB.H.27,HB.H.27.F
2012,HB,H,TR,27,L,1.1,0,12,2,7.5,NA,15,4,HB.H.27,HB.H.27.L
2012,HB,H,TR,27,MT,3.2,0,11,6,3,NA,18,23,HB.H.27,HB.H.27.MT
2012,HB,H,TR,27,MT,5.2,0,13,6,5.5,NA,33,0,HB.H.27,HB.H.27.MT
2012,HB,H,TR,29,F,4.2,0,6,1,4,NA,4,0,HB.H.29,HB.H.29.F
2012,HB,H,TR,29,F,4.3,0,11,5,5.75,NA,29,26.25,HB.H.29,HB.H.29.F
2012,HB,H,TR,29,M,5.4,0,14,7,9.166666667,NA,64,0,HB.H.29,HB.H.29.M
2012,HB,H,TR,29,MT,2.1,0,10,4,7.4,NA,30,0,HB.H.29,HB.H.29.MT
2012,HB,H,TR,29,MT,2.3,0,13,5,9.8,NA,49,0,HB.H.29,HB.H.29.MT
2012,HB,H,TR,29,MT,2.5,0,11,7,4.571428571,NA,32,2,HB.H.29,HB.H.29.MT
2012,HB,H,TR,29,MT,3.1,0,10,3,1.333333333,NA,4,8,HB.H.29,HB.H.29.MT
2012,HB,H,TR,29,MT,3.4,0,14,7,10,NA,70,16.33333333,HB.H.29,HB.H.29.MT
2012,HB,H,TR,29,MT,3.5,0,12,6,4.833333333,NA,29,7,HB.H.29,HB.H.29.MT
2012,HB,H,TR,29,MT,4.2,0,11,3,7,NA,21,0,HB.H.29,HB.H.29.MT
2012,HB,H,TR,29,MT,4.3,0,9,1,4,NA,4,0,HB.H.29,HB.H.29.MT
2012,HB,H,TR,29,MT,4.5,0,14,5,2.8,NA,14,27,HB.H.29,HB.H.29.MT
2012,HB,H,TR,30,H,4.4,0,14,5,6.5,NA,32,0.833333333,HB.H.30,HB.H.30.H
2012,HB,L,TR,11,M,3.5,0,9,1,1,NA,1,0,HB.L.11,HB.L.11.M
2012,HB,L,TR,12,M,5.1,0,11,3,3,NA,9,0,HB.L.12,HB.L.12.M
2012,HB,L,TR,13,L,2.3,0,24,10,5.428571429,NA,54,1.428571429,HB.L.13,HB.L.13.L
2012,HB,L,TR,13,L,2.4,0,16,1,2,NA,2,0,HB.L.13,HB.L.13.L
2012,HB,L,TR,13,L,4.5,0,17,5,3.75,NA,19,11.25,HB.L.13,HB.L.13.L
2012,HB,L,TR,13,M,1.4,0,20,7,8.6,NA,60,0,HB.L.13,HB.L.13.M
2012,HB,L,TR,14,L,2.4,0,34,20,9.888888889,5,178,0,HB.L.14,HB.L.14.L
2012,HB,L,TR,14,L,4.3,0,12,4,3,NA,12,0,HB.L.14,HB.L.14.L
2012,HB,L,TR,14,L,5.2,0,19,3,3,NA,9,0,HB.L.14,HB.L.14.L
2012,HB,L,TR,14,L,5.3,0,38,18,7,4.5,124,0,HB.L.14,HB.L.14.L
2012,HB,L,TR,14,M,1.2,0,41,15,8.5,1,105,16,HB.L.14,HB.L.14.M
2012,HB,L,TR,14,M,3.1,0,13,5,8,NA,40,3.75,HB.L.14,HB.L.14.M
2012,HB,L,TR,14,M,4.4,0,15,2,5,NA,10,0,HB.L.14,HB.L.14.M
2012,HB,L,TR,15,H,4.3,0,10,4,2.25,NA,9,16,HB.L.15,HB.L.15.H
2012,HB,L,TR,15,L,2.3,0,27,12,5.142857143,NA,62,0,HB.L.15,HB.L.15.L
2012,HB,L,TR,15,L,3.1,0,21,10,5.166666667,NA,52,3.333333333,HB.L.15,HB.L.15.L
2012,HB,L,TR,15,L,3.2,0,15,3,3,NA,9,0,HB.L.15,HB.L.15.L
2012,HB,L,TR,15,L,4.1,0,35,8,1.75,NA,14,9,HB.L.15,HB.L.15.L
2012,HB,L,TR,15,L,4.3,0,19,6,4.666666667,NA,28,1,HB.L.15,HB.L.15.L
2012,HB,L,TR,15,L,5.1,0,15,4,6.5,NA,26,0,HB.L.15,HB.L.15.L
2012,HB,L,TR,15,L,5.5,0,20,4,3,NA,12,0,HB.L.15,HB.L.15.L
2012,HB,L,TR,15,M,1.3,0,36,14,3,NA,42,32.2,HB.L.15,HB.L.15.M
2012,HB,L,TR,15,M,4.3,0,10,2,6.166666667,NA,12,0.666666667,HB.L.15,HB.L.15.M
2012,HB,L,TR,15,M,4.5,0,15,8,3.2,NA,26,11.2,HB.L.15,HB.L.15.M
2012,HB,L,TR,15,M,5.4,0,30,18,3.285714286,1.666666667,48,39.28571429,HB.L.15,HB.L.15.M
2012,HB,L,TR,16,H,5.5,0,18,8,2.714285714,NA,22,0,HB.L.16,HB.L.16.H
2012,HB,L,TR,16,L,1.3,0,21,7,7.75,NA,54,0,HB.L.16,HB.L.16.L
2012,HB,L,TR,16,L,1.4,0,14,2,2.5,NA,5,0,HB.L.16,HB.L.16.L
2012,HB,L,TR,16,L,2.5,0,41,6,3.833333333,NA,23,9,HB.L.16,HB.L.16.L
2012,HB,L,TR,16,L,3.2,0,22,8,7.6,NA,61,0,HB.L.16,HB.L.16.L
2012,HB,L,TR,16,L,4.1,0,18,4,3.25,NA,13,1,HB.L.16,HB.L.16.L
2012,HB,L,TR,17,M,2.1,0,10,3,2.333333333,NA,7,2,HB.L.17,HB.L.17.M
2012,HB,L,TR,17,M,2.3,0,14,8,5.875,NA,47,5,HB.L.17,HB.L.17.M
2012,HB,L,TR,18,L,3.5,0,24,10,8.714285714,NA,87,0,HB.L.18,HB.L.18.L
2012,HB,L,TR,18,L,5.4,0,27,1,8,NA,8,2,HB.L.18,HB.L.18.L
2012,HB,L,TR,18,M,2.4,0,17,3,6.333333333,NA,19,0,HB.L.18,HB.L.18.M
2012,HB,L,TR,19,L,1.1,0,31,16,10,10,160,2.8,HB.L.19,HB.L.19.L
2012,HB,L,TR,19,L,4.1,0,13,1,2,NA,2,0,HB.L.19,HB.L.19.L
2012,HB,L,TR,21,H,2.2,0,9,3,3,NA,9,0,HB.L.21,HB.L.21.H
2012,HB,L,TR,21,L,5.4,0,28,8,13,NA,104,0,HB.L.21,HB.L.21.L
2012,HB,L,TR,22,L,1.1,0,14,6,10,NA,60,0,HB.L.22,HB.L.22.L
2012,HB,L,TR,22,L,5.5,0,14,2,1.5,NA,3,0,HB.L.22,HB.L.22.L
2012,HB,L,TR,23,L,3.4,0,26,9,9.4,NA,85,0,HB.L.23,HB.L.23.L
2012,HB,L,TR,24,H,4.4,0,8,1,5,NA,5,0,HB.L.24,HB.L.24.H
2012,HB,L,TR,24,H,5.2,0,9,3,6.333333333,NA,19,0,HB.L.24,HB.L.24.H
2012,HB,L,TR,25,L,1.5,0,16,13,5.5,NA,72,0,HB.L.25,HB.L.25.L
2012,HB,L,TR,25,L,3.5,0,22,14,12,NA,168,0,HB.L.25,HB.L.25.L
2012,HB,L,TR,25,M,1.1,0,21,10,14,13,139,0,HB.L.25,HB.L.25.M
2012,HB,L,TR,25,M,1.2,0,21,18,8.125,10,152,5.625,HB.L.25,HB.L.25.M
2012,HB,L,TR,25,M,2.3,0,11,3,10.66666667,NA,32,0,HB.L.25,HB.L.25.M
2012,HB,L,TR,25,M,3.3,0,28,13,13.5,NA,176,0,HB.L.25,HB.L.25.M
2012,HB,L,TR,25,M,3.5,0,14,8,13,NA,104,0,HB.L.25,HB.L.25.M
2012,HB,M,TR,11,H,1.5,0,19,7,14.25,NA,100,1.75,HB.M.11,HB.M.11.H
2012,HB,M,TR,11,H,2.1,0,30,13,12.8,7,149,0,HB.M.11,HB.M.11.H
2012,HB,M,TR,11,H,2.3,0,8,4,10.75,NA,43,1,HB.M.11,HB.M.11.H
2012,HB,M,TR,11,H,3.4,0,8,3,6.666666667,NA,20,2,HB.M.11,HB.M.11.H
2012,HB,M,TR,11,H,3.5,0,14,6,12.25,NA,74,0,HB.M.11,HB.M.11.H
2012,HB,M,TR,11,H,4.2,0,21,15,12.66666667,10,185,6.333333333,HB.M.11,HB.M.11.H
2012,HB,M,TR,11,H,4.5,0,17,9,14.2,NA,128,0,HB.M.11,HB.M.11.H
2012,HB,M,TR,11,H,5.1,0,11,6,11.33333333,NA,68,0,HB.M.11,HB.M.11.H
2012,HB,M,TR,11,L,1.1,1,NA,12,5.5,6,67,0,HB.M.11,HB.M.11.L
2012,HB,M,TR,11,L,3.4,0,20,6,3.666666667,NA,22,0,HB.M.11,HB.M.11.L
2012,HB,M,TR,11,L,3.5,1,NA,7,4,NA,28,0,HB.M.11,HB.M.11.L
2012,HB,M,TR,11,M,1.1,0,31,14,7.6,3,102,28.6,HB.M.11,HB.M.11.M
2012,HB,M,TR,11,M,1.4,1,NA,3,9.5,NA,28,0,HB.M.11,HB.M.11.M
2012,HB,M,TR,11,M,2.2,0,17,5,1.5,NA,8,0,HB.M.11,HB.M.11.M
2012,HB,M,TR,11,M,2.3,0,23,10,4.375,NA,44,1.25,HB.M.11,HB.M.11.M
2012,HB,M,TR,11,M,2.4,0,23,10,1.285714286,9.125,13,0,HB.M.11,HB.M.11.M
2012,HB,M,TR,11,M,2.5,0,36,15,0.857142857,1.5,14,0,HB.M.11,HB.M.11.M
2012,HB,M,TR,11,M,3.2,0,19,10,3.875,NA,39,0,HB.M.11,HB.M.11.M
2012,HB,M,TR,11,M,3.3,0,23,7,1.166666667,NA,8,0,HB.M.11,HB.M.11.M
2012,HB,M,TR,11,M,3.5,0,27,14,4.875,NA,63,4.875,HB.M.11,HB.M.11.M
2012,HB,M,TR,11,M,4.2,0,36,3,5.428571429,2,6,0,HB.M.11,HB.M.11.M
2012,HB,M,TR,11,M,4.3,0,25,9,1.571428571,NA,14,0,HB.M.11,HB.M.11.M
2012,HB,M,TR,11,M,5.1,1,18,2,6.5,3.714285714,7,0.857142857,HB.M.11,HB.M.11.M
2012,HB,M,TR,11,M,5.5,0,27,14,1.416666667,1.5,20,15,HB.M.11,HB.M.11.M
2012,HB,M,TR,12,H,2.1,0,13,11,8.75,NA,96,8.25,HB.M.12,HB.M.12.H
2012,HB,M,TR,12,H,2.3,0,10,6,12.25,NA,74,3,HB.M.12,HB.M.12.H
2012,HB,M,TR,12,H,2.4,1,34,12,NA,9.125,110,0,HB.M.12,HB.M.12.H
2012,HB,M,TR,12,H,3.4,0,42,17,6.6,11,147,0,HB.M.12,HB.M.12.H
2012,HB,M,TR,12,H,4.3,0,13,8,3.25,NA,26,18,HB.M.12,HB.M.12.H
2012,HB,M,TR,12,M,1.2,0,60,37,6.857142857,1.25,114,6.857142857,HB.M.12,HB.M.12.M
2012,HB,M,TR,12,M,1.3,0,25,11,4.166666667,NA,46,3.666666667,HB.M.12,HB.M.12.M
2012,HB,M,TR,12,M,1.5,0,19,7,2.666666667,NA,19,2.333333333,HB.M.12,HB.M.12.M
2012,HB,M,TR,12,M,2.4,0,29,14,2.466666667,1.5,33,8.8,HB.M.12,HB.M.12.M
2012,HB,M,TR,12,M,2.5,0,18,6,1.5,NA,9,0,HB.M.12,HB.M.12.M
2012,HB,M,TR,12,M,4.2,0,27,18,3.1,5.5,65,11.2,HB.M.12,HB.M.12.M
2012,HB,M,TR,12,M,4.5,0,36,23,5.058823529,5,116,0.941176471,HB.M.12,HB.M.12.M
2012,HB,M,TR,12,M,5.2,0,42,21,5.5,4.333333333,110,28,HB.M.12,HB.M.12.M
2012,HB,M,TR,12,M,5.3,0,42,15,2.6,6,42,0,HB.M.12,HB.M.12.M
2012,HB,M,TR,13,H,1.4,0,15,3,8,NA,24,0,HB.M.13,HB.M.13.H
2012,HB,M,TR,13,H,1.5,1,47,11,NA,6.75,74,0,HB.M.13,HB.M.13.H
2012,HB,M,TR,13,H,2.2,0,12,9,10,NA,90,0,HB.M.13,HB.M.13.H
2012,HB,M,TR,13,H,3.1,0,17,8,10.16666667,NA,81,0,HB.M.13,HB.M.13.H
2012,HB,M,TR,13,H,3.5,0,17,10,2.625,NA,26,0,HB.M.13,HB.M.13.H
2012,HB,M,TR,13,H,4.3,0,10,4,10,NA,40,0,HB.M.13,HB.M.13.H
2012,HB,M,TR,13,H,5.3,0,9,4,10.75,NA,43,3,HB.M.13,HB.M.13.H
2012,HB,M,TR,13,H,5.5,0,20,11,11.4,NA,125,0,HB.M.13,HB.M.13.H
2012,HB,M,TR,13,L,1.3,0,37,29,8.333333333,2.2,168,0,HB.M.13,HB.M.13.L
2012,HB,M,TR,13,L,1.5,0,16,6,6.666666667,NA,40,1,HB.M.13,HB.M.13.L
2012,HB,M,TR,13,L,2.1,0,29,20,6.285714286,6.2,125,22.28571429,HB.M.13,HB.M.13.L
2012,HB,M,TR,13,L,2.5,0,27,15,2.8,0.333333333,35,10.8,HB.M.13,HB.M.13.L
2012,HB,M,TR,13,L,3.2,0,62,34,7.357142857,3.909090909,251,86.07792208,HB.M.13,HB.M.13.L
2012,HB,M,TR,13,L,3.3,0,11,2,5,NA,10,0,HB.M.13,HB.M.13.L
2012,HB,M,TR,13,L,4.3,0,25,14,4.625,0,60,1.625,HB.M.13,HB.M.13.L
2012,HB,M,TR,13,L,4.4,0,13,4,1,NA,4,0,HB.M.13,HB.M.13.L
2012,HB,M,TR,13,L,4.5,0,35,25,5.727272727,3.4,127,9.581818182,HB.M.13,HB.M.13.L
2012,HB,M,TR,13,L,5.1,0,36,26,5.75,6.5,157,0,HB.M.13,HB.M.13.L
2012,HB,M,TR,13,L,5.3,0,62,52,4.75,6.285714286,299,33.64285714,HB.M.13,HB.M.13.L
2012,HB,M,TR,13,M,1.1,0,34,39,5.142857143,3.333333333,163,18,HB.M.13,HB.M.13.M
2012,HB,M,TR,13,M,1.4,0,20,9,2,NA,18,24.75,HB.M.13,HB.M.13.M
2012,HB,M,TR,13,M,2.5,0,64,47,6.9,4.25,245,18.7,HB.M.13,HB.M.13.M
2012,HB,M,TR,13,M,3.1,0,55,37,2.384615385,2,81,1.384615385,HB.M.13,HB.M.13.M
2012,HB,M,TR,14,H,1.4,0,15,7,9,NA,63,0,HB.M.14,HB.M.14.H
2012,HB,M,TR,14,H,1.5,0,14,9,6,NA,54,2.571428571,HB.M.14,HB.M.14.H
2012,HB,M,TR,14,H,3.4,0,10,5,9.25,NA,46,0,HB.M.14,HB.M.14.H
2012,HB,M,TR,14,H,4.1,0,23,11,14,14,154,1.8,HB.M.14,HB.M.14.H
2012,HB,M,TR,14,H,4.5,1,24,6,NA,8,48,0,HB.M.14,HB.M.14.H
2012,HB,M,TR,14,H,5.5,0,20,11,12.66666667,9,136,3.333333333,HB.M.14,HB.M.14.H
2012,HB,M,TR,14,M,1.2,0,15,2,0.5,NA,1,0,HB.M.14,HB.M.14.M
2012,HB,M,TR,14,M,1.4,0,19,4,6.5,NA,26,11,HB.M.14,HB.M.14.M
2012,HB,M,TR,14,M,1.5,1,10,1,5.5,NA,6,0,HB.M.14,HB.M.14.M
2012,HB,M,TR,14,M,2.1,1,NA,3,6,3.5,10,0,HB.M.14,HB.M.14.M
2012,HB,M,TR,14,M,3.2,0,44,22,11.8,4.4,193,48.2,HB.M.14,HB.M.14.M
2012,HB,M,TR,14,M,4.2,0,17,6,2,NA,12,0,HB.M.14,HB.M.14.M
2012,HB,M,TR,14,M,5.1,0,38,23,9.4,6.166666667,197,10.5,HB.M.14,HB.M.14.M
2012,HB,M,TR,14,M,5.5,1,31,11,7.2,5.666666667,79,19.8,HB.M.14,HB.M.14.M
2012,HB,M,TR,15,H,3.5,0,13,9,10.4,NA,94,0,HB.M.15,HB.M.15.H
2012,HB,M,TR,15,L,1.3,0,18,5,3.25,NA,16,0,HB.M.15,HB.M.15.L
2012,HB,M,TR,15,L,1.4,0,19,8,5.666666667,NA,45,0,HB.M.15,HB.M.15.L
2012,HB,M,TR,15,L,1.5,0,17,7,1.714285714,NA,12,0,HB.M.15,HB.M.15.L
2012,HB,M,TR,15,L,2.1,0,19,5,3.6,NA,18,0,HB.M.15,HB.M.15.L
2012,HB,M,TR,15,L,3.4,1,20,1,13,7,7,0,HB.M.15,HB.M.15.L
2012,HB,M,TR,15,L,4.1,0,13,5,7.5,NA,38,6.666666667,HB.M.15,HB.M.15.L
2012,HB,M,TR,15,L,5.4,0,23,13,6.2,NA,81,0,HB.M.15,HB.M.15.L
2012,HB,M,TR,15,L,5.5,1,NA,2,7.75,13,23,0,HB.M.15,HB.M.15.L
2012,HB,M,TR,15,M,3.4,0,23,19,9.166666667,NA,174,12.66666667,HB.M.15,HB.M.15.M
2012,HB,M,TR,15,M,4.5,0,50,19,4.857142857,2.857142857,92,13.57142857,HB.M.15,HB.M.15.M
2012,HB,M,TR,15,M,5.4,0,45,31,4.153846154,3.666666667,121,4.923076923,HB.M.15,HB.M.15.M
2012,HB,M,TR,16,H,2.3,0,9,3,5,NA,15,0,HB.M.16,HB.M.16.H
2012,HB,M,TR,16,H,4.5,0,12,10,11.16666667,NA,112,1.666666667,HB.M.16,HB.M.16.H
2012,HB,M,TR,16,H,5.3,0,18,11,10.2,10.2,112,26,HB.M.16,HB.M.16.H
2012,HB,M,TR,16,M,1.3,0,16,7,6.833333333,NA,48,9.333333333,HB.M.16,HB.M.16.M
2012,HB,M,TR,16,M,2.1,1,41,20,5.5,7.571428571,149,8.142857143,HB.M.16,HB.M.16.M
2012,HB,M,TR,16,M,2.2,0,20,12,8.666666667,NA,104,16,HB.M.16,HB.M.16.M
2012,HB,M,TR,16,M,3.3,1,47,18,9.8,9.888888889,178,6,HB.M.16,HB.M.16.M
2012,HB,M,TR,16,M,5.1,1,27,8,11.875,6.25,56,1.375,HB.M.16,HB.M.16.M
2012,HB,M,TR,17,L,2.5,0,89,78,5.294117647,11.125,705,42.875,HB.M.17,HB.M.17.L
2012,HB,M,TR,17,M,1.5,0,60,41,4.3,4,170,11.4,HB.M.17,HB.M.17.M
2012,HB,M,TR,17,M,2.4,0,35,17,5,6,98,0,HB.M.17,HB.M.17.M
2012,HB,M,TR,17,M,2.5,0,26,14,8,NA,112,2.333333333,HB.M.17,HB.M.17.M
2012,HB,M,TR,17,M,3.4,0,63,52,6.428571429,7,353,24.42857143,HB.M.17,HB.M.17.M
2012,HB,M,TR,17,M,4.2,0,51,26,9.8,10,256,7.2,HB.M.17,HB.M.17.M
2012,HB,M,TR,17,M,4.4,0,42,6,4.666666667,NA,28,16,HB.M.17,HB.M.17.M
2012,HB,M,TR,17,M,5.3,0,35,18,0.8,5.25,63,5.6,HB.M.17,HB.M.17.M
2012,HB,M,TR,17,M,5.5,0,49,23,3.333333333,2.25,57,0,HB.M.17,HB.M.17.M
2012,HB,M,TR,18,H,5.2,0,43,25,7.285714286,8,189,4.571428571,HB.M.18,HB.M.18.H
2012,HB,M,TR,18,M,5.5,0,39,28,5.375,10.25,219,10.5,HB.M.18,HB.M.18.M
2012,HB,M,TR,19,L,3.2,0,22,11,6.666666667,NA,73,0,HB.M.19,HB.M.19.L
2012,HB,M,TR,19,L,3.3,1,20,4,15.33333333,7.666666667,31,4,HB.M.19,HB.M.19.L
2012,HB,M,TR,19,L,5.5,1,29,11,NA,9.5,104,0,HB.M.19,HB.M.19.L
2012,HB,M,TR,20,H,5.1,0,8,2,5.5,NA,11,0,HB.M.20,HB.M.20.H
2012,HB,M,TR,20,H,5.2,0,8,2,6,NA,12,0,HB.M.20,HB.M.20.H
2012,HB,M,TR,21,L,4.5,0,71,55,9.142857143,8.666666667,487,17,HB.M.21,HB.M.21.L
2012,HB,M,TR,21,L,5.1,0,35,24,10.16666667,5.8,200,10.33333333,HB.M.21,HB.M.21.L
2012,HB,M,TR,21,L,5.5,0,50,37,4.545454545,5.2,181,0,HB.M.21,HB.M.21.L
2012,HB,M,TR,21,M,2.4,0,28,10,2.5,1.333333333,22,0,HB.M.21,HB.M.21.M
2012,HB,M,TR,22,M,4.5,1,51,46,5.363636364,8.142857143,361,1.818181818,HB.M.22,HB.M.22.M
2012,HB,M,TR,23,L,2.3,1,38,35,5.846153846,6.25,213,0,HB.M.23,HB.M.23.L
2012,HB,M,TR,23,L,3.2,0,53,31,8.444444444,8.666666667,266,20.11111111,HB.M.23,HB.M.23.L
2012,HB,M,TR,24,M,2.1,0,28,17,9.5,12.5,170,12.33333333,HB.M.24,HB.M.24.M
2012,HB,M,TR,24,M,2.3,0,20,12,5.833333333,NA,70,0,HB.M.24,HB.M.24.M
2012,HB,M,TR,27,L,2.4,1,60,45,7.333333333,12.2,457,2.111111111,HB.M.27,HB.M.27.L
2012,HB,M,TR,27,L,3.4,0,54,32,6.1,13,285,0,HB.M.27,HB.M.27.L
2012,HB,M,TR,27,L,4.2,0,64,51,5.461538462,9,378,3.538461538,HB.M.27,HB.M.27.L
2012,HB,M,TR,27,L,4.4,1,NA,8,6.583333333,NA,53,1.333333333,HB.M.27,HB.M.27.L
2012,HB,M,TR,27,L,5.2,1,NA,1,10,NA,10,3,HB.M.27,HB.M.27.L
2012,HB,M,TR,27,L,5.3,0,84,71,5.866666667,12,705,3.2,HB.M.27,HB.M.27.L
2012,HB,M,TR,27,M,2.1,0,33,9,NA,3.166666667,28,0,HB.M.27,HB.M.27.M
2012,HB,M,TR,27,M,2.2,0,12,1,7,NA,7,0,HB.M.27,HB.M.27.M
2012,HB,M,TR,28,H,5.4,0,11,2,9.5,NA,19,0,HB.M.28,HB.M.28.H
2012,HB,M,TR,29,H,2.4,0,11,7,9.75,NA,68,0,HB.M.29,HB.M.29.H
2012,HB,M,TR,29,L,2.3,0,63,47,6.272727273,7,316,22.60606061,HB.M.29,HB.M.29.L
2012,HB,M,TR,29,L,2.5,0,22,5,8.4,NA,42,0,HB.M.29,HB.M.29.L
2012,HB,M,TR,29,L,4.4,1,21,8,8.666666667,NA,69,2.666666667,HB.M.29,HB.M.29.L
2012,HB,M,TR,29,M,1.4,0,59,25,5.285714286,7.5,156,0,HB.M.29,HB.M.29.M
2012,HB,M,TR,29,M,5.2,0,79,62,7.133333333,9.857142857,554,7.257142857,HB.M.29,HB.M.29.M
2012,HB,M,TR,29,M,5.3,0,13,1,9,NA,9,0,HB.M.29,HB.M.29.M
2012,HB,M,TR,29,M,5.4,0,67,54,11.33333333,8.833333333,527,10,HB.M.29,HB.M.29.M
2012,HB,M,TR,30,H,1.3,0,13,8,11.5,NA,92,2,HB.M.30,HB.M.30.H
2012,HB,M,TR,30,H,2.4,0,18,14,10.75,NA,150,3.5,HB.M.30,HB.M.30.H
2012,HB,M,TR,30,H,4.5,0,14,9,12,NA,108,0,HB.M.30,HB.M.30.H
2012,HB,M,TR,30,H,5.1,0,9,3,9,NA,27,0,HB.M.30,HB.M.30.H
2012,HB,M,TR,30,H,5.3,0,24,15,7.428571429,16,120,1,HB.M.30,HB.M.30.H
2012,HB,M,TR,30,M,4.2,0,29,18,9.6,5.5,165,0,HB.M.30,HB.M.30.M
2012,HB,M,TR,30,M,5.2,0,56,33,5.428571429,8.75,232,2.428571429,HB.M.30,HB.M.30.M
2012,HB,M,TR,30,M,5.4,0,60,35,7.5,9.4,299,0,HB.M.30,HB.M.30.M
2012,HB,M,TR,30,M,5.5,0,14,5,8,NA,40,0,HB.M.30,HB.M.30.M
2013,HB,A,OTC,34,H,5.3,0,8,1,4,NA,4,0,HB.A.34,HB.A.34.H
2013,HB,A,OTC,40,MT,1.3,0,10,5,8.5,NA,42,0,HB.A.40,HB.A.40.MT
2013,HB,A,OTC,51,MT,4.3,0,9,2,10,NA,20,0,HB.A.51,HB.A.51.MT
2013,HB,A,OTC,51,MT,4.4,0,10,2,10,NA,20,0,HB.A.51,HB.A.51.MT
2013,HB,A,OTC,51,MT,5.2,0,12,3,8,NA,24,0.75,HB.A.51,HB.A.51.MT
2013,HB,A,OTC,52,M,1.1,0,NA,29,6.75,14,370,1,HB.A.52,HB.A.52.M
2013,HB,A,OTC,52,MT,1.4,0,7,2,11,NA,22,0,HB.A.52,HB.A.52.MT
2013,HB,A,OTC,52,MT,2.3,0,13,8,7.8,NA,62,1.333333333,HB.A.52,HB.A.52.MT
2013,HB,A,OTC,52,MT,2.4,0,8,2,9,NA,18,0,HB.A.52,HB.A.52.MT
2013,HB,A,OTC,52,MT,2.5,0,13,5,12.25,NA,61,2,HB.A.52,HB.A.52.MT
2013,HB,A,OTC,52,MT,4.1,0,10,4,14.5,NA,58,0,HB.A.52,HB.A.52.MT
2013,HB,A,OTC,53,MT,5.2,0,12,9,8.6,NA,77,0,HB.A.53,HB.A.53.MT
2013,HB,A,OTC,59,H,5.4,0,7,1,7,NA,7,0,HB.A.59,HB.A.59.H
2013,HB,A,OTC,59,MT,2.1,0,8,2,5,NA,10,0,HB.A.59,HB.A.59.MT
2013,HB,A,TR,39,MT,4.4,0,8,3,11.66666667,NA,35,0,HB.A.39,HB.A.39.MT
2013,HB,H,OTC,32,H,1.3,0,10,8,5.333333333,NA,43,0,HB.H.32,HB.H.32.H
2013,HB,H,OTC,32,H,1.5,0,6,2,7.9,NA,16,0,HB.H.32,HB.H.32.H
2013,HB,H,OTC,32,H,3.1,0,8,3,7.9,NA,24,0,HB.H.32,HB.H.32.H
2013,HB,H,OTC,32,H,3.4,0,11,9,13.25,NA,119,3.857142857,HB.H.32,HB.H.32.H
2013,HB,H,OTC,32,H,3.5,0,8,2,5,NA,10,0,HB.H.32,HB.H.32.H
2013,HB,H,OTC,32,H,4.1,0,11,6,11,NA,66,3.6,HB.H.32,HB.H.32.H
2013,HB,H,OTC,32,H,4.4,0,9,7,7.9,NA,55,0,HB.H.32,HB.H.32.H
2013,HB,H,OTC,32,H,5.1,0,10,7,13.5,NA,94,2.333333333,HB.H.32,HB.H.32.H
2013,HB,H,OTC,32,H,5.5,0,7,3,7,NA,21,3,HB.H.32,HB.H.32.H
2013,HB,H,OTC,32,M,1.1,0,20,9,12.66666667,NA,114,0,HB.H.32,HB.H.32.M
2013,HB,H,OTC,32,M,1.2,0,10,2,9.5,NA,19,2,HB.H.32,HB.H.32.M
2013,HB,H,OTC,32,M,1.3,0,11,1,10,NA,10,0,HB.H.32,HB.H.32.M
2013,HB,H,OTC,32,M,1.4,0,12,8,10,NA,80,4,HB.H.32,HB.H.32.M
2013,HB,H,OTC,32,M,2.1,0,34,20,14.33333333,9.333333333,252,0,HB.H.32,HB.H.32.M
2013,HB,H,OTC,32,M,2.2,0,11,4,8.333333333,NA,33,0,HB.H.32,HB.H.32.M
2013,HB,H,OTC,32,M,3.2,0,24,10,10,NA,100,5,HB.H.32,HB.H.32.M
2013,HB,H,OTC,32,M,3.5,0,22,8,11.33333333,NA,91,3,HB.H.32,HB.H.32.M
2013,HB,H,OTC,32,M,4.2,0,21,8,11.8,NA,94,1.142857143,HB.H.32,HB.H.32.M
2013,HB,H,OTC,32,M,4.3,0,19,11,10.4,5.666666667,91,1.714285714,HB.H.32,HB.H.32.M
2013,HB,H,OTC,32,M,5.1,0,28,17,11.33333333,8,176,14,HB.H.32,HB.H.32.M
2013,HB,H,OTC,32,M,5.4,0,16,3,7.333333333,NA,22,0,HB.H.32,HB.H.32.M
2013,HB,H,OTC,32,MT,1.1,0,7,4,1,NA,4,0,HB.H.32,HB.H.32.MT
2013,HB,H,OTC,32,MT,1.2,0,8,1,7.96,NA,8,0,HB.H.32,HB.H.32.MT
2013,HB,H,OTC,32,MT,1.4,0,24,12,11,7.5,122,0,HB.H.32,HB.H.32.MT
2013,HB,H,OTC,32,MT,2.2,0,9,5,6.5,NA,32,5,HB.H.32,HB.H.32.MT
2013,HB,H,OTC,32,MT,2.3,0,10,5,12.5,NA,62,0,HB.H.32,HB.H.32.MT
2013,HB,H,OTC,32,MT,2.4,0,9,4,13,NA,52,2,HB.H.32,HB.H.32.MT
2013,HB,H,OTC,32,MT,2.5,0,8,4,10.5,NA,42,4,HB.H.32,HB.H.32.MT
2013,HB,H,OTC,32,MT,3.2,0,11,4,2,NA,8,20.8,HB.H.32,HB.H.32.MT
2013,HB,H,OTC,32,MT,3.3,0,11,2,1,NA,2,3,HB.H.32,HB.H.32.MT
2013,HB,H,OTC,32,MT,3.4,0,9,4,13,NA,52,0.8,HB.H.32,HB.H.32.MT
2013,HB,H,OTC,32,MT,3.5,0,7,3,8,NA,24,0,HB.H.32,HB.H.32.MT
2013,HB,H,OTC,32,MT,4.1,0,16,5,3.5,NA,18,28.75,HB.H.32,HB.H.32.MT
2013,HB,H,OTC,32,MT,4.4,0,7,3,12,NA,36,0.75,HB.H.32,HB.H.32.MT
2013,HB,H,OTC,32,MT,5.1,0,12,12,5.5,NA,66,66,HB.H.32,HB.H.32.MT
2013,HB,H,OTC,32,MT,5.4,0,11,6,11.5,NA,69,3.6,HB.H.32,HB.H.32.MT
2013,HB,H,OTC,32,MT,5.5,0,10,7,8.333333333,NA,58,6,HB.H.32,HB.H.32.MT
2013,HB,H,OTC,34,H,1.5,0,6,2,9,NA,18,0,HB.H.34,HB.H.34.H
2013,HB,H,OTC,34,H,2.3,0,26,18,11.8,12.75,219,5.875,HB.H.34,HB.H.34.H
2013,HB,H,OTC,34,H,2.5,0,7,3,8.5,NA,26,0,HB.H.34,HB.H.34.H
2013,HB,H,OTC,34,H,3.1,0,12,7,11.75,NA,82,0,HB.H.34,HB.H.34.H
2013,HB,H,OTC,34,H,3.3,0,6,1,9.3,NA,9,0,HB.H.34,HB.H.34.H
2013,HB,H,OTC,34,H,3.5,0,11,12,12.2,NA,146,0,HB.H.34,HB.H.34.H
2013,HB,H,OTC,34,H,4.2,0,6,3,8,NA,24,0,HB.H.34,HB.H.34.H
2013,HB,H,OTC,34,H,4.4,0,12,7,8,NA,56,2.8,HB.H.34,HB.H.34.H
2013,HB,H,OTC,34,H,4.5,0,10,8,10.75,NA,86,0,HB.H.34,HB.H.34.H
2013,HB,H,OTC,34,H,5.1,0,29,16,12.66666667,9.5,180,0,HB.H.34,HB.H.34.H
2013,HB,H,OTC,34,H,5.2,0,10,5,5,NA,25,0,HB.H.34,HB.H.34.H
2013,HB,H,OTC,34,H,5.3,0,12,11,9,NA,99,2.75,HB.H.34,HB.H.34.H
2013,HB,H,OTC,34,H,5.4,0,8,3,10.66666667,NA,32,0,HB.H.34,HB.H.34.H
2013,HB,H,OTC,34,M,1.3,0,28,18,10.5,4,137,0,HB.H.34,HB.H.34.M
2013,HB,H,OTC,34,M,2.5,0,8,14,12,NA,168,7,HB.H.34,HB.H.34.M
2013,HB,H,OTC,34,M,3.1,0,24,10,14.66666667,NA,147,0,HB.H.34,HB.H.34.M
2013,HB,H,OTC,34,M,3.2,0,9,9,11,NA,99,0,HB.H.34,HB.H.34.M
2013,HB,H,OTC,34,M,3.3,0,6,4,7.5,NA,30,0,HB.H.34,HB.H.34.M
2013,HB,H,OTC,34,M,3.4,0,8,8,10.66666667,NA,85,2.666666667,HB.H.34,HB.H.34.M
2013,HB,H,OTC,34,M,4.1,0,6,6,11,NA,66,0,HB.H.34,HB.H.34.M
2013,HB,H,OTC,34,M,4.2,0,NA,3,6.333333333,NA,19,0.75,HB.H.34,HB.H.34.M
2013,HB,H,OTC,34,M,4.3,0,8,5,10.66666667,NA,53,3.333333333,HB.H.34,HB.H.34.M
2013,HB,H,OTC,34,M,5.1,0,18,7,9,1,39,1.5,HB.H.34,HB.H.34.M
2013,HB,H,OTC,34,M,5.2,0,32,15,12.66666667,8.6,157,0,HB.H.34,HB.H.34.M
2013,HB,H,OTC,34,M,5.3,0,24,7,11.4,6,74,2.571428571,HB.H.34,HB.H.34.M
2013,HB,H,OTC,34,MT,1.1,1,12,2,NA,10,20,0,HB.H.34,HB.H.34.MT
2013,HB,H,OTC,34,MT,1.3,0,8,2,4.5,NA,9,0,HB.H.34,HB.H.34.MT
2013,HB,H,OTC,34,MT,2.1,0,11,6,8.5,NA,51,0,HB.H.34,HB.H.34.MT
2013,HB,H,OTC,34,MT,2.3,0,10,6,9.5,NA,57,1.2,HB.H.34,HB.H.34.MT
2013,HB,H,OTC,34,MT,2.5,0,9,3,9,NA,27,0,HB.H.34,HB.H.34.MT
2013,HB,H,OTC,34,MT,3.2,0,10,4,7.333333333,NA,29,0,HB.H.34,HB.H.34.MT
2013,HB,H,OTC,34,MT,4.1,0,9,5,9.333333333,NA,47,0,HB.H.34,HB.H.34.MT
2013,HB,H,OTC,34,MT,4.2,0,10,5,11,NA,55,0,HB.H.34,HB.H.34.MT
2013,HB,H,OTC,34,MT,4.3,0,11,4,6.75,NA,27,4,HB.H.34,HB.H.34.MT
2013,HB,H,OTC,34,MT,5.1,0,11,5,9.666666667,NA,48,0,HB.H.34,HB.H.34.MT
2013,HB,H,OTC,34,MT,5.2,0,9,2,9,NA,18,0,HB.H.34,HB.H.34.MT
2013,HB,H,OTC,34,MT,5.3,0,10,9,12,NA,108,0,HB.H.34,HB.H.34.MT
2013,HB,H,OTC,36,H,1.1,0,13,6,8.666666667,NA,52,1.2,HB.H.36,HB.H.36.H
2013,HB,H,OTC,36,H,4.3,0,8,3,9.666666667,NA,29,0,HB.H.36,HB.H.36.H
2013,HB,H,OTC,36,H,5.1,0,9,7,9,NA,63,0,HB.H.36,HB.H.36.H
2013,HB,H,OTC,36,H,5.4,0,8,3,2,NA,6,2,HB.H.36,HB.H.36.H
2013,HB,H,OTC,36,H,5.5,0,13,8,7,NA,56,2.666666667,HB.H.36,HB.H.36.H
2013,HB,H,OTC,36,M,2.5,0,22,12,11,NA,132,8,HB.H.36,HB.H.36.M
2013,HB,H,OTC,36,M,5.3,0,21,7,11.25,NA,79,5.25,HB.H.36,HB.H.36.M
2013,HB,H,OTC,36,M,5.5,0,20,9,9.666666667,NA,87,1.5,HB.H.36,HB.H.36.M
2013,HB,H,OTC,36,MT,1.4,1,8,2,7.5,NA,15,0,HB.H.36,HB.H.36.MT
2013,HB,H,OTC,36,MT,1.5,0,10,4,7,NA,28,4,HB.H.36,HB.H.36.MT
2013,HB,H,OTC,36,MT,2.2,0,14,11,12.33333333,14,137,1,HB.H.36,HB.H.36.MT
2013,HB,H,OTC,36,MT,2.5,0,8,2,6,NA,12,0,HB.H.36,HB.H.36.MT
2013,HB,H,OTC,36,MT,3.1,1,6,4,9.3,NA,37,0,HB.H.36,HB.H.36.MT
2013,HB,H,OTC,36,MT,3.5,0,11,1,11,NA,11,0,HB.H.36,HB.H.36.MT
2013,HB,H,OTC,36,MT,4.3,0,8,1,11,NA,11,0,HB.H.36,HB.H.36.MT
2013,HB,H,OTC,36,MT,5.1,0,18,12,8.75,11.5,116,2,HB.H.36,HB.H.36.MT
2013,HB,H,OTC,36,MT,5.5,0,7,2,10.5,NA,21,0,HB.H.36,HB.H.36.MT
2013,HB,H,OTC,38,H,1.4,0,19,4,11.8,NA,47,0,HB.H.38,HB.H.38.H
2013,HB,H,OTC,38,H,2.4,0,22,12,12.6,2,119,0,HB.H.38,HB.H.38.H
2013,HB,H,OTC,38,H,3.3,0,9,7,11,NA,77,2.8,HB.H.38,HB.H.38.H
2013,HB,H,OTC,38,H,5.5,1,11,3,NA,7.666666667,23,0,HB.H.38,HB.H.38.H
2013,HB,H,OTC,38,M,1.2,0,39,24,11,9.75,250,0,HB.H.38,HB.H.38.M
2013,HB,H,OTC,38,M,1.5,0,31,22,12.25,11.25,260,4.333333333,HB.H.38,HB.H.38.M
2013,HB,H,OTC,38,M,2.4,0,39,39,12.6,9.25,431,0,HB.H.38,HB.H.38.M
2013,HB,H,OTC,38,M,3.1,0,22,9,11.8,NA,106,1.125,HB.H.38,HB.H.38.M
2013,HB,H,OTC,38,M,5.3,1,26,24,12.5,9,268,5.625,HB.H.38,HB.H.38.M
2013,HB,H,OTC,38,MT,2.2,2,12,14,15,10.5,188,0,HB.H.38,HB.H.38.MT
2013,HB,H,OTC,38,MT,2.3,0,27,27,13.5,10,319,6.083333333,HB.H.38,HB.H.38.MT
2013,HB,H,OTC,38,MT,2.4,3,88,99,12,9.25,941,0,HB.H.38,HB.H.38.MT
2013,HB,H,OTC,38,MT,3.2,0,11,8,13,3,104,0,HB.H.38,HB.H.38.MT
2013,HB,H,OTC,38,MT,3.4,0,26,21,12.75,11.33333333,256,2.666666667,HB.H.38,HB.H.38.MT
2013,HB,H,OTC,38,MT,4.2,2,11,7,10.66666667,NA,75,1.166666667,HB.H.38,HB.H.38.MT
2013,HB,H,OTC,38,MT,4.3,0,24,16,12.4,12.66666667,199,1.444444444,HB.H.38,HB.H.38.MT
2013,HB,H,OTC,38,MT,5.4,0,9,4,14,NA,56,0,HB.H.38,HB.H.38.MT
2013,HB,H,OTC,40,H,1.5,0,12,6,11.5,NA,69,1.2,HB.H.40,HB.H.40.H
2013,HB,H,OTC,40,H,2.1,0,13,6,11.5,NA,69,1.2,HB.H.40,HB.H.40.H
2013,HB,H,OTC,40,H,2.4,0,27,24,11.57142857,12,280,4.071428571,HB.H.40,HB.H.40.H
2013,HB,H,OTC,40,H,3.2,0,10,6,9.666666667,NA,58,0,HB.H.40,HB.H.40.H
2013,HB,H,OTC,40,M,2.1,0,31,6,8,9,51,0,HB.H.40,HB.H.40.M
2013,HB,H,OTC,40,M,2.5,0,15,14,13,NA,182,1.75,HB.H.40,HB.H.40.M
2013,HB,H,OTC,40,M,3.2,0,27,22,12.16666667,11.5,264,4.7,HB.H.40,HB.H.40.M
2013,HB,H,OTC,40,M,4.5,0,35,23,12.75,9.666666667,259,2.75,HB.H.40,HB.H.40.M
2013,HB,H,OTC,40,M,5.1,0,34,20,13.33333333,9.5,240,0,HB.H.40,HB.H.40.M
2013,HB,H,OTC,40,M,5.2,0,16,6,13.25,NA,80,0,HB.H.40,HB.H.40.M
2013,HB,H,OTC,40,MT,1.2,0,16,10,10,4,94,7.875,HB.H.40,HB.H.40.MT
2013,HB,H,OTC,40,MT,1.4,0,9,2,9,NA,18,0,HB.H.40,HB.H.40.MT
2013,HB,H,OTC,40,MT,1.5,0,26,18,11.66666667,7,168,6.107142857,HB.H.40,HB.H.40.MT
2013,HB,H,OTC,40,MT,2.5,2,12,9,9.666666667,NA,87,0,HB.H.40,HB.H.40.MT
2013,HB,H,OTC,40,MT,3.1,0,16,9,14.75,NA,133,0,HB.H.40,HB.H.40.MT
2013,HB,H,OTC,40,MT,4.5,0,8,3,14,NA,42,0,HB.H.40,HB.H.40.MT
2013,HB,H,OTC,40,MT,5.5,0,30,17,12.66666667,11.5,204,6.166666667,HB.H.40,HB.H.40.MT
2013,HB,H,OTC,42,H,3.4,2,11,8,14.33333333,NA,115,2,HB.H.42,HB.H.42.H
2013,HB,H,OTC,42,H,4.2,0,17,5,9.666666667,5,44,1,HB.H.42,HB.H.42.H
2013,HB,H,OTC,42,M,4.3,0,15,6,12.33333333,NA,74,6,HB.H.42,HB.H.42.M
2013,HB,H,OTC,42,MT,4.3,0,11,3,0.666666667,NA,2,8,HB.H.42,HB.H.42.MT
2013,HB,H,OTC,44,H,1.2,0,11,2,13.5,NA,27,0,HB.H.44,HB.H.44.H
2013,HB,H,OTC,44,H,2.2,0,15,1,13.5,NA,14,0,HB.H.44,HB.H.44.H
2013,HB,H,OTC,44,H,2.4,0,10,1,15,NA,15,0,HB.H.44,HB.H.44.H
2013,HB,H,OTC,44,H,5.1,0,8,5,12,NA,60,0,HB.H.44,HB.H.44.H
2013,HB,H,OTC,44,M,1.2,0,17,11,10.2,NA,112,1.375,HB.H.44,HB.H.44.M
2013,HB,H,OTC,44,M,1.4,0,24,22,12.16666667,12.33333333,269,5.625,HB.H.44,HB.H.44.M
2013,HB,H,OTC,44,M,2.2,0,31,19,13,12,239,1.1,HB.H.44,HB.H.44.M
2013,HB,H,OTC,44,M,2.5,0,22,10,9.857142857,NA,99,0,HB.H.44,HB.H.44.M
2013,HB,H,OTC,44,M,3.2,0,12,8,9,NA,72,0,HB.H.44,HB.H.44.M
2013,HB,H,OTC,44,M,3.5,0,27,16,6.5,11.66666667,150,1,HB.H.44,HB.H.44.M
2013,HB,H,OTC,44,M,4.3,0,43,31,9.333333333,10.5,304,19.35714286,HB.H.44,HB.H.44.M
2013,HB,H,OTC,44,M,5.3,0,13,4,8.5,NA,34,5,HB.H.44,HB.H.44.M
2013,HB,H,OTC,44,MT,2.4,0,8,3,12,NA,36,0,HB.H.44,HB.H.44.MT
2013,HB,H,OTC,44,MT,2.5,0,13,7,10,NA,70,0,HB.H.44,HB.H.44.MT
2013,HB,H,OTC,44,MT,3.1,2,12,11,10.5,15,129,4,HB.H.44,HB.H.44.MT
2013,HB,H,OTC,44,MT,3.2,0,13,3,11,NA,33,0,HB.H.44,HB.H.44.MT
2013,HB,H,OTC,44,MT,3.4,0,10,6,11.33333333,NA,68,2,HB.H.44,HB.H.44.MT
2013,HB,H,OTC,44,MT,4.1,0,9,3,11.6,NA,35,0,HB.H.44,HB.H.44.MT
2013,HB,H,OTC,44,MT,5.1,1,18,12,13.5,13.5,162,5.5,HB.H.44,HB.H.44.MT
2013,HB,H,OTC,44,MT,5.5,0,14,7,14.66666667,NA,103,0,HB.H.44,HB.H.44.MT
2013,HB,H,OTC,46,H,2.2,0,12,12,12.5,NA,150,0,HB.H.46,HB.H.46.H
2013,HB,H,OTC,46,H,2.4,0,14,5,10.75,NA,54,0,HB.H.46,HB.H.46.H
2013,HB,H,OTC,46,M,2.1,0,20,7,9.6,NA,67,2,HB.H.46,HB.H.46.M
2013,HB,H,OTC,46,M,3.1,0,32,26,10.66666667,9.666666667,266,6,HB.H.46,HB.H.46.M
2013,HB,H,OTC,46,M,4.2,1,20,24,5.25,7.25,148,62.55,HB.H.46,HB.H.46.M
2013,HB,H,OTC,46,M,5.4,0,18,9,9.333333333,NA,84,1.5,HB.H.46,HB.H.46.M
2013,HB,H,OTC,46,MT,2.5,0,9,2,9.5,NA,19,0,HB.H.46,HB.H.46.MT
2013,HB,H,OTC,46,MT,3.5,0,11,6,11.75,NA,70,0,HB.H.46,HB.H.46.MT
2013,HB,H,OTC,46,MT,4.1,1,16,8,NA,9.666666667,77,0,HB.H.46,HB.H.46.MT
2013,HB,H,OTC,46,MT,5.1,0,NA,5,14,NA,70,0,HB.H.46,HB.H.46.MT
2013,HB,H,OTC,48,H,1.2,1,22,5,NA,3.666666667,18,1.666666667,HB.H.48,HB.H.48.H
2013,HB,H,OTC,48,H,1.5,0,8,2,9,NA,18,4,HB.H.48,HB.H.48.H
2013,HB,H,OTC,48,M,1.4,0,26,16,13,9,188,5.5,HB.H.48,HB.H.48.M
2013,HB,H,OTC,48,M,2.1,0,28,15,12.66666667,9.5,177,0,HB.H.48,HB.H.48.M
2013,HB,H,OTC,48,M,4.1,0,26,15,10.57142857,12,167,3.272727273,HB.H.48,HB.H.48.M
2013,HB,H,OTC,48,M,4.2,0,15,10,13,NA,130,0,HB.H.48,HB.H.48.M
2013,HB,H,OTC,48,M,5.1,0,26,9,13,8,112,1,HB.H.48,HB.H.48.M
2013,HB,H,OTC,48,MT,1.4,0,10,6,6,NA,36,0,HB.H.48,HB.H.48.MT
2013,HB,H,OTC,48,MT,3.2,0,14,13,10.5,11,136,0,HB.H.48,HB.H.48.MT
2013,HB,H,OTC,48,MT,3.4,0,10,7,11,NA,77,0.875,HB.H.48,HB.H.48.MT
2013,HB,H,OTC,48,MT,4.1,0,9,5,13.33333333,NA,67,0,HB.H.48,HB.H.48.MT
2013,HB,H,OTC,48,MT,5.1,0,11,8,9.25,NA,74,2,HB.H.48,HB.H.48.MT
2013,HB,H,OTC,50,M,1.2,0,37,16,9.333333333,8,139,2.666666667,HB.H.50,HB.H.50.M
2013,HB,H,OTC,50,M,2.1,0,13,7,13,NA,91,0,HB.H.50,HB.H.50.M
2013,HB,H,OTC,50,M,2.4,0,17,3,10,NA,30,0,HB.H.50,HB.H.50.M
2013,HB,H,OTC,50,MT,1.3,0,9,4,10.33333333,NA,41,0,HB.H.50,HB.H.50.MT
2013,HB,H,OTC,50,MT,5.5,0,14,11,13.75,NA,151,4.4,HB.H.50,HB.H.50.MT
2013,HB,H,TR,31,F,1.2,0,17,4,9,NA,36,0,HB.H.31,HB.H.31.F
2013,HB,H,TR,31,F,2.3,0,28,12,10.66666667,6.666666667,104,0,HB.H.31,HB.H.31.F
2013,HB,H,TR,31,F,2.5,0,26,6,9,7,52,0,HB.H.31,HB.H.31.F
2013,HB,H,TR,31,F,3.3,0,22,10,9.666666667,6.333333333,83,0,HB.H.31,HB.H.31.F
2013,HB,H,TR,31,F,3.4,0,14,3,9,NA,27,0,HB.H.31,HB.H.31.F
2013,HB,H,TR,31,F,5.3,0,23,4,9.333333333,NA,37,1.333333333,HB.H.31,HB.H.31.F
2013,HB,H,TR,31,H,2.1,0,8,6,11,NA,66,1,HB.H.31,HB.H.31.H
2013,HB,H,TR,31,H,3.3,0,8,6,11,NA,66,3,HB.H.31,HB.H.31.H
2013,HB,H,TR,31,H,3.5,0,9,4,14,NA,56,0.8,HB.H.31,HB.H.31.H
2013,HB,H,TR,31,H,4.2,0,6,2,6,NA,12,2,HB.H.31,HB.H.31.H
2013,HB,H,TR,31,L,2.1,0,33,17,11.66666667,7.25,172,3,HB.H.31,HB.H.31.L
2013,HB,H,TR,31,L,3.3,0,13,1,5,NA,5,0,HB.H.31,HB.H.31.L
2013,HB,H,TR,31,L,5.1,0,14,5,10.33333333,NA,52,0,HB.H.31,HB.H.31.L
2013,HB,H,TR,31,M,1.3,0,14,8,11.66666667,NA,93,4.8,HB.H.31,HB.H.31.M
2013,HB,H,TR,31,M,1.4,0,20,10,10.8,8,102,3.428571429,HB.H.31,HB.H.31.M
2013,HB,H,TR,31,M,3.1,0,10,1,1,NA,1,0,HB.H.31,HB.H.31.M
2013,HB,H,TR,31,M,3.2,0,27,19,15.33333333,4.25,247,7,HB.H.31,HB.H.31.M
2013,HB,H,TR,31,M,3.3,0,13,6,11.2,NA,67,3.6,HB.H.31,HB.H.31.M
2013,HB,H,TR,31,M,3.5,0,16,8,9.625,NA,77,4,HB.H.31,HB.H.31.M
2013,HB,H,TR,31,M,5.1,0,11,3,5,NA,15,0,HB.H.31,HB.H.31.M
2013,HB,H,TR,31,M,5.3,0,11,2,6,NA,12,0,HB.H.31,HB.H.31.M
2013,HB,H,TR,31,M,5.4,1,18,1,7,11,7,0,HB.H.31,HB.H.31.M
2013,HB,H,TR,31,MT,1.5,0,13,11,11,NA,121,0,HB.H.31,HB.H.31.MT
2013,HB,H,TR,31,MT,2.4,0,6,2,8.5,NA,17,0,HB.H.31,HB.H.31.MT
2013,HB,H,TR,31,MT,2.5,1,10,3,NA,6.666666667,20,0,HB.H.31,HB.H.31.MT
2013,HB,H,TR,31,MT,3.1,0,9,4,12.33333333,NA,49,1,HB.H.31,HB.H.31.MT
2013,HB,H,TR,31,MT,3.2,0,9,5,12,NA,60,0,HB.H.31,HB.H.31.MT
2013,HB,H,TR,31,MT,4.3,0,10,6,9,NA,54,0,HB.H.31,HB.H.31.MT
2013,HB,H,TR,31,MT,4.4,0,17,9,14,NA,126,0,HB.H.31,HB.H.31.MT
2013,HB,H,TR,31,MT,5.4,0,6,3,7.5,NA,22,3,HB.H.31,HB.H.31.MT
2013,HB,H,TR,33,F,1.2,0,14,4,8.25,NA,33,0,HB.H.33,HB.H.33.F
2013,HB,H,TR,33,F,1.4,0,14,3,8,NA,24,0,HB.H.33,HB.H.33.F
2013,HB,H,TR,33,F,1.5,0,17,8,7,NA,56,0,HB.H.33,HB.H.33.F
2013,HB,H,TR,33,F,3.5,0,14,3,10.66666667,NA,32,0,HB.H.33,HB.H.33.F
2013,HB,H,TR,33,F,4.1,0,9,2,6.5,NA,13,2,HB.H.33,HB.H.33.F
2013,HB,H,TR,33,F,4.3,0,16,4,9.5,NA,38,0,HB.H.33,HB.H.33.F
2013,HB,H,TR,33,F,4.5,0,22,4,10.25,NA,41,0,HB.H.33,HB.H.33.F
2013,HB,H,TR,33,F,5.1,0,15,5,6.75,NA,34,0,HB.H.33,HB.H.33.F
2013,HB,H,TR,33,F,5.5,0,17,4,9.25,NA,37,0,HB.H.33,HB.H.33.F
2013,HB,H,TR,33,H,1.2,0,10,2,6.5,NA,13,0,HB.H.33,HB.H.33.H
2013,HB,H,TR,33,H,2.3,0,13,11,12.25,NA,135,1.571428571,HB.H.33,HB.H.33.H
2013,HB,H,TR,33,H,2.4,0,9,1,6,NA,6,0,HB.H.33,HB.H.33.H
2013,HB,H,TR,33,H,4.5,0,8,4,6.333333333,NA,25,0,HB.H.33,HB.H.33.H
2013,HB,H,TR,33,H,5.5,0,9,4,10.5,NA,42,0,HB.H.33,HB.H.33.H
2013,HB,H,TR,33,L,3.3,0,14,6,12.5,NA,75,0,HB.H.33,HB.H.33.L
2013,HB,H,TR,33,M,1.2,0,38,16,10.8,9.333333333,158,3.333333333,HB.H.33,HB.H.33.M
2013,HB,H,TR,33,M,1.5,0,16,4,12,NA,48,0,HB.H.33,HB.H.33.M
2013,HB,H,TR,33,M,2.2,0,12,6,7,NA,42,0,HB.H.33,HB.H.33.M
2013,HB,H,TR,33,M,2.3,0,12,4,10.66666667,NA,43,0,HB.H.33,HB.H.33.M
2013,HB,H,TR,33,M,2.4,0,23,1,10,NA,10,1,HB.H.33,HB.H.33.M
2013,HB,H,TR,33,M,3.3,0,26,10,14.25,8.666666667,115,0,HB.H.33,HB.H.33.M
2013,HB,H,TR,33,M,5.4,0,27,7,12.25,10,84,1.5,HB.H.33,HB.H.33.M
2013,HB,H,TR,33,M,5.5,0,18,7,10,NA,70,2.8,HB.H.33,HB.H.33.M
2013,HB,H,TR,33,MT,1.2,0,6,2,9,NA,18,0,HB.H.33,HB.H.33.MT
2013,HB,H,TR,33,MT,1.3,0,8,5,10.33333333,NA,52,1.25,HB.H.33,HB.H.33.MT
2013,HB,H,TR,33,MT,2.2,1,9,1,NA,6,6,0,HB.H.33,HB.H.33.MT
2013,HB,H,TR,33,MT,3.4,0,14,8,13,12,103,0,HB.H.33,HB.H.33.MT
2013,HB,H,TR,33,MT,4.3,0,16,6,11.75,NA,70,0,HB.H.33,HB.H.33.MT
2013,HB,H,TR,33,MT,4.4,0,7,5,7,NA,35,1.25,HB.H.33,HB.H.33.MT
2013,HB,H,TR,33,MT,5.3,0,11,4,8.25,NA,33,5,HB.H.33,HB.H.33.MT
2013,HB,H,TR,35,F,2.4,0,14,3,6.666666667,NA,20,1,HB.H.35,HB.H.35.F
2013,HB,H,TR,35,F,3.3,0,11,2,9,NA,18,1,HB.H.35,HB.H.35.F
2013,HB,H,TR,35,F,4.3,0,17,4,9.5,NA,38,0,HB.H.35,HB.H.35.F
2013,HB,H,TR,35,H,1.2,0,9,4,10.33333333,NA,41,4,HB.H.35,HB.H.35.H
2013,HB,H,TR,35,H,2.3,0,9,5,11.5,NA,58,3.333333333,HB.H.35,HB.H.35.H
2013,HB,H,TR,35,H,2.4,0,13,9,10.66666667,NA,96,1.8,HB.H.35,HB.H.35.H
2013,HB,H,TR,35,H,3.5,0,6,1,11,NA,11,0,HB.H.35,HB.H.35.H
2013,HB,H,TR,35,H,4.5,0,9,6,11.33333333,NA,68,0,HB.H.35,HB.H.35.H
2013,HB,H,TR,35,H,5.2,0,11,9,10.25,NA,92,0,HB.H.35,HB.H.35.H
2013,HB,H,TR,35,L,2.4,0,14,6,10.4,NA,62,1,HB.H.35,HB.H.35.L
2013,HB,H,TR,35,L,3.1,2,11,5,11,NA,55,1.25,HB.H.35,HB.H.35.L
2013,HB,H,TR,35,M,2.1,0,13,4,7,NA,28,0,HB.H.35,HB.H.35.M
2013,HB,H,TR,35,M,2.4,0,28,15,11,6.5,147,0,HB.H.35,HB.H.35.M
2013,HB,H,TR,35,M,3.2,0,11,2,9,NA,18,0,HB.H.35,HB.H.35.M
2013,HB,H,TR,35,M,3.3,0,34,22,13.33333333,10,250,0,HB.H.35,HB.H.35.M
2013,HB,H,TR,35,M,4.4,0,12,3,5.333333333,NA,16,0,HB.H.35,HB.H.35.M
2013,HB,H,TR,35,M,5.4,0,10,1,6,NA,6,2,HB.H.35,HB.H.35.M
2013,HB,H,TR,35,MT,5.4,0,9,3,12,NA,36,0,HB.H.35,HB.H.35.MT
2013,HB,H,TR,35,MT,5.5,0,10,4,16,NA,64,0,HB.H.35,HB.H.35.MT
2013,HB,H,TR,37,F,1.4,0,13,4,10.5,NA,42,0,HB.H.37,HB.H.37.F
2013,HB,H,TR,37,F,2.4,0,22,6,11,7,62,2,HB.H.37,HB.H.37.F
2013,HB,H,TR,37,F,3.4,0,27,9,8,8,72,0,HB.H.37,HB.H.37.F
2013,HB,H,TR,37,F,4.1,0,24,9,8.666666667,9.5,80,1,HB.H.37,HB.H.37.F
2013,HB,H,TR,37,F,4.2,0,14,5,10.5,NA,52,0,HB.H.37,HB.H.37.F
2013,HB,H,TR,37,H,2.5,0,29,25,10,9,238,3.9,HB.H.37,HB.H.37.H
2013,HB,H,TR,37,H,3.3,0,11,4,5,NA,20,0,HB.H.37,HB.H.37.H
2013,HB,H,TR,37,H,4.2,0,10,3,5.333333333,NA,16,9.75,HB.H.37,HB.H.37.H
2013,HB,H,TR,37,H,5.1,0,11,6,11,NA,66,3,HB.H.37,HB.H.37.H
2013,HB,H,TR,37,H,5.5,0,14,13,9.8,NA,127,2.888888889,HB.H.37,HB.H.37.H
2013,HB,H,TR,37,M,3.1,1,11,1,14.5,NA,14,0.2,HB.H.37,HB.H.37.M
2013,HB,H,TR,37,MT,5.3,0,10,4,11.5,NA,46,0,HB.H.37,HB.H.37.MT
2013,HB,H,TR,39,F,2.3,1,8,1,NA,3,3,0,HB.H.39,HB.H.39.F
2013,HB,H,TR,39,F,3.4,1,19,1,NA,6,6,5,HB.H.39,HB.H.39.F
2013,HB,H,TR,39,F,3.5,1,17,6,NA,9.333333333,56,0,HB.H.39,HB.H.39.F
2013,HB,H,TR,39,F,4.3,0,28,3,13,NA,39,0,HB.H.39,HB.H.39.F
2013,HB,H,TR,39,F,4.4,0,8,5,9.333333333,NA,47,1.25,HB.H.39,HB.H.39.F
2013,HB,H,TR,39,F,5.5,1,16,6,NA,4.5,27,0,HB.H.39,HB.H.39.F
2013,HB,H,TR,39,H,2.1,0,9,4,8,NA,32,1.333333333,HB.H.39,HB.H.39.H
2013,HB,H,TR,39,H,3.5,0,22,15,13,11.33333333,185,2.571428571,HB.H.39,HB.H.39.H
2013,HB,H,TR,39,H,4.2,0,15,8,12.6,NA,101,0,HB.H.39,HB.H.39.H
2013,HB,H,TR,39,H,5.4,0,8,3,9,NA,27,2,HB.H.39,HB.H.39.H
2013,HB,H,TR,39,H,5.5,0,11,6,11.75,NA,70,0,HB.H.39,HB.H.39.H
2013,HB,H,TR,39,M,3.2,0,NA,3,9,8,25,0,HB.H.39,HB.H.39.M
2013,HB,H,TR,39,M,5.1,1,9,2,13.5,12,26,0.333333333,HB.H.39,HB.H.39.M
2013,HB,H,TR,39,MT,2.4,0,10,1,11,NA,11,0,HB.H.39,HB.H.39.MT
2013,HB,H,TR,39,MT,3.4,2,10,11,11.25,10,120,1.5,HB.H.39,HB.H.39.MT
2013,HB,H,TR,39,MT,4.1,2,9,1,7,NA,7,0,HB.H.39,HB.H.39.MT
2013,HB,H,TR,39,MT,4.4,0,9,4,12.66666667,NA,51,1.333333333,HB.H.39,HB.H.39.MT
2013,HB,H,TR,41,H,1.4,0,10,3,13.66666667,NA,41,4,HB.H.41,HB.H.41.H
2013,HB,H,TR,41,M,3.3,0,15,3,7.666666667,NA,23,4,HB.H.41,HB.H.41.M
2013,HB,H,TR,41,MT,5.2,0,8,2,5,NA,10,1,HB.H.41,HB.H.41.MT
2013,HB,H,TR,43,F,2.1,0,8,2,9.5,NA,19,5,HB.H.43,HB.H.43.F
2013,HB,H,TR,43,F,4.4,0,20,2,6,NA,12,0,HB.H.43,HB.H.43.F
2013,HB,H,TR,43,H,3.3,0,11,4,9,NA,36,3,HB.H.43,HB.H.43.H
2013,HB,H,TR,43,M,2.5,0,9,4,8,NA,32,1,HB.H.43,HB.H.43.M
2013,HB,H,TR,43,M,4.1,0,12,6,7,NA,42,4.5,HB.H.43,HB.H.43.M
2013,HB,H,TR,43,M,4.4,0,7,2,12.5,NA,25,0,HB.H.43,HB.H.43.M
2013,HB,H,TR,43,MT,1.4,0,11,7,9.25,NA,65,21,HB.H.43,HB.H.43.MT
2013,HB,H,TR,43,MT,3.5,0,10,3,10,NA,30,8,HB.H.43,HB.H.43.MT
2013,HB,H,TR,43,MT,5.1,1,6,1,15,NA,15,0,HB.H.43,HB.H.43.MT
2013,HB,H,TR,43,MT,5.2,1,9,3,NA,8.333333333,25,0,HB.H.43,HB.H.43.MT
2013,HB,H,TR,43,MT,5.3,0,16,1,10,NA,10,0,HB.H.43,HB.H.43.MT
2013,HB,H,TR,45,F,1.1,0,12,2,12,NA,24,0,HB.H.45,HB.H.45.F
2013,HB,H,TR,45,F,4.2,0,31,17,10,7,149,0,HB.H.45,HB.H.45.F
2013,HB,H,TR,45,F,4.5,0,14,6,13.33333333,NA,80,0,HB.H.45,HB.H.45.F
2013,HB,H,TR,45,M,3.3,0,10,2,8,NA,16,2,HB.H.45,HB.H.45.M
2013,HB,H,TR,45,M,5.4,0,9,5,10,NA,50,0,HB.H.45,HB.H.45.M
2013,HB,H,TR,45,MT,4.2,0,10,3,7,NA,21,8,HB.H.45,HB.H.45.MT
2013,HB,H,TR,47,F,5.4,0,14,6,10,3,53,6.666666667,HB.H.47,HB.H.47.F
2013,HB,H,TR,47,M,1.5,0,12,4,11.2,NA,45,0,HB.H.47,HB.H.47.M
2013,HB,H,TR,49,F,4.2,0,14,4,6.333333333,NA,25,0,HB.H.49,HB.H.49.F
2013,HB,M,TR,31,H,1.1,0,10,4,6,NA,24,1,HB.M.31,HB.M.31.H
2013,HB,M,TR,31,H,1.3,0,9,2,4,NA,8,2,HB.M.31,HB.M.31.H
2013,HB,M,TR,31,H,1.5,1,7,2,5,NA,10,0,HB.M.31,HB.M.31.H
2013,HB,M,TR,31,H,3.1,0,12,10,8,NA,80,5,HB.M.31,HB.M.31.H
2013,HB,M,TR,31,H,5.3,1,6,1,5.75,NA,6,0,HB.M.31,HB.M.31.H
2013,HB,M,TR,34,H,1.1,0,10,3,6.25,NA,19,0,HB.M.34,HB.M.34.H
2013,HB,M,TR,34,H,2.2,0,15,12,6.25,NA,75,0,HB.M.34,HB.M.34.H