year,transect,site,treat,plot,Source,plant,tbo,height.cm,Ln.tot,Fr.tot,aveseed1,aveseed2,totgoodseed,totbadseed,plotID,subplotID
2011,NK,HE,TR,1,F,1.3,0,14.5,26,13,7.833333333,3.8,82,0,NK.HE.1,HE.1.F
2011,NK,HE,TR,1,F,1.4,0,10,13,4,9.25,NA,37,0,NK.HE.1,HE.1.F
2011,NK,HE,TR,1,F,2.5,0,7,9,3,7.333333333,NA,22,0,NK.HE.1,HE.1.F
2011,NK,HE,TR,1,F,3.4,0,15.4,29,7,13.8,NA,97,0,NK.HE.1,HE.1.F
2011,NK,HE,TR,1,F,3.5,0,7.5,17,3,8,NA,24,0,NK.HE.1,HE.1.F
2011,NK,HE,TR,1,F,4.4,0,11.1,17,4,8.25,NA,33,0,NK.HE.1,HE.1.F
2011,NK,HE,TR,1,F,5.4,0,15.3,13,7,9,4.5,63,0,NK.HE.1,HE.1.F
2011,NK,HE,TR,1,F,5.4,0,15.2,42,8,9,4.5,72,0,NK.HE.1,HE.1.F
2011,NK,HE,TR,1,F,5.5,0,10.3,32,9,5.111111111,NA,46,2,NK.HE.1,HE.1.F
2011,NK,HE,TR,1,H,1.3,0,7.2,9,3,8,NA,24,0,NK.HE.1,HE.1.H
2011,NK,HE,TR,1,H,3.2,0,8,10,2,10.5,NA,21,0,NK.HE.1,HE.1.H
2011,NK,HE,TR,1,H,3.3,0,6.2,7,2,5,NA,10,6,NK.HE.1,HE.1.H
2011,NK,HE,TR,1,H,4.5,0,6.7,10,2,6,NA,12,0,NK.HE.1,HE.1.H
2011,NK,HE,TR,1,HE,1.3,0,16.4,10,5,6.8,NA,34,0,NK.HE.1,HE.1.HE
2011,NK,HE,TR,1,HE,3.1,0,18.6,10,5,9.75,NA,49,0,NK.HE.1,HE.1.HE
2011,NK,HE,TR,1,HE,3.2,0,17.4,13,5,9.333333333,NA,47,1.666666667,NK.HE.1,HE.1.HE
2011,NK,HE,TR,1,HE,3.5,0,16,12,5,9.333333333,NA,47,0,NK.HE.1,HE.1.HE
2011,NK,HE,TR,1,HE,5.3,0,10.2,9,3,6,NA,18,1,NK.HE.1,HE.1.HE
2011,NK,HE,TR,1,HE,5.4,0,13.5,8,3,9.666666667,NA,29,0,NK.HE.1,HE.1.HE
2011,NK,HE,TR,1,L,1.2,0,9.1,12,3,8.333333333,NA,25,0,NK.HE.1,HE.1.L
2011,NK,HE,TR,1,L,2.3,0,10.4,13,2,8.5,NA,17,0,NK.HE.1,HE.1.L
2011,NK,HE,TR,1,L,2.5,0,11.1,15,5,9.666666667,NA,48,6.666666667,NK.HE.1,HE.1.L
2011,NK,HE,TR,1,L,4.5,0,6.8,10,3,0.666666667,NA,2,0,NK.HE.1,HE.1.L
2011,NK,HE,TR,1,L,5.1,0,8.3,12,2,7.5,NA,15,0,NK.HE.1,HE.1.L
2011,NK,HE,TR,1,L,5.5,0,7.1,13,3,9,NA,27,0,NK.HE.1,HE.1.L
2011,NK,HE,TR,1,MT,2.5,0,8.4,9,6,9,NA,54,0,NK.HE.1,HE.1.MT
2011,NK,HE,TR,1,MT,3.4,0,5.8,8,3,9.333333333,NA,28,1,NK.HE.1,HE.1.MT
2011,NK,HE,TR,1,MT,3.5,0,5.5,7,3,7.666666667,NA,23,0,NK.HE.1,HE.1.MT
2011,NK,HE,TR,1,MT,4.3,0,8,9,4,8,NA,32,0,NK.HE.1,HE.1.MT
2011,NK,HE,TR,1,MT,5.5,0,5.5,6,2,4,NA,8,0,NK.HE.1,HE.1.MT
2011,NK,HE,TR,10,F,1.3,0,14,13,4,8.5,NA,34,0,NK.HE.10,HE.10.F
2011,NK,HE,TR,10,F,1.5,0,12.3,17,3,9.666666667,NA,29,0,NK.HE.10,HE.10.F
2011,NK,HE,TR,10,F,4.4,0,14.8,23,7,10.25,1,53,1.25,NK.HE.10,HE.10.F
2011,NK,HE,TR,10,H,3.3,0,11.5,8,2,10,NA,20,0,NK.HE.10,HE.10.H
2011,NK,HE,TR,10,HE,2.1,0,10.7,8,3,7,NA,21,0,NK.HE.10,HE.10.HE
2011,NK,HE,TR,10,HE,4.1,0,15,11,4,7.5,NA,30,0,NK.HE.10,HE.10.HE
2011,NK,HE,TR,10,HE,4.5,0,NA,9,6,12,NA,72,0,NK.HE.10,HE.10.HE
2011,NK,HE,TR,10,HE,5.1,0,15.5,12,3,11.33333333,NA,34,0,NK.HE.10,HE.10.HE
2011,NK,HE,TR,10,L,1.5,0,11.1,10,2,13,NA,26,0,NK.HE.10,HE.10.L
2011,NK,HE,TR,10,L,2.1,0,13.7,16,2,14,NA,28,0,NK.HE.10,HE.10.L
2011,NK,HE,TR,10,M,5.2,0,14.7,11,4,12.75,NA,51,1,NK.HE.10,HE.10.M
2011,NK,HE,TR,10,MT,4.2,0,7.4,10,3,9,NA,27,0,NK.HE.10,HE.10.MT
2011,NK,HE,TR,10,MT,4.4,0,NA,9,5,9,NA,45,0,NK.HE.10,HE.10.MT
2011,NK,HE,TR,10,MT,5.1,1,NA,18,2,NA,12,24,0,NK.HE.10,HE.10.MT
2011,NK,HE,TR,2,F,2.3,0,9,22,3,6.333333333,NA,19,0,NK.HE.2,HE.2.F
2011,NK,HE,TR,2,F,3.3,0,9.4,17,3,9.333333333,NA,28,0,NK.HE.2,HE.2.F
2011,NK,HE,TR,2,F,4.2,0,6.5,10,1,9,NA,9,0,NK.HE.2,HE.2.F
2011,NK,HE,TR,2,F,4.4,0,14.3,11,5,8,NA,40,3.75,NK.HE.2,HE.2.F
2011,NK,HE,TR,2,F,4.5,0,12.9,11,4,10.66666667,NA,43,0,NK.HE.2,HE.2.F
2011,NK,HE,TR,2,F,5.1,0,15.3,18,3,15.33333333,NA,46,0,NK.HE.2,HE.2.F
2011,NK,HE,TR,2,F,5.5,0,10.6,17,4,8.75,NA,35,0,NK.HE.2,HE.2.F
2011,NK,HE,TR,2,H,1.2,0,8.5,8,2,6.5,NA,13,0,NK.HE.2,HE.2.H
2011,NK,HE,TR,2,H,1.3,0,10.7,10,3,7.333333333,NA,22,0,NK.HE.2,HE.2.H
2011,NK,HE,TR,2,H,2.2,0,13.7,9,6,8.666666667,NA,52,0,NK.HE.2,HE.2.H
2011,NK,HE,TR,2,H,2.4,0,7.9,8,1,3,NA,3,0,NK.HE.2,HE.2.H
2011,NK,HE,TR,2,H,2.5,0,9.3,10,2,7.5,NA,15,0,NK.HE.2,HE.2.H
2011,NK,HE,TR,2,H,3.2,0,12.1,9,3,3.666666667,NA,11,0,NK.HE.2,HE.2.H
2011,NK,HE,TR,2,H,3.3,0,9.9,9,2,9.5,NA,19,0,NK.HE.2,HE.2.H
2011,NK,HE,TR,2,H,5.3,0,7.5,9,1,11,NA,11,0,NK.HE.2,HE.2.H
2011,NK,HE,TR,2,H,5.4,0,9.6,9,3,11.66666667,NA,35,0,NK.HE.2,HE.2.H
2011,NK,HE,TR,2,HE,2.5,0,20.7,19,6,12.83333333,NA,77,0,NK.HE.2,HE.2.HE
2011,NK,HE,TR,2,HE,5.1,0,9.8,10,2,12,NA,24,0,NK.HE.2,HE.2.HE
2011,NK,HE,TR,2,L,1.5,0,16.6,11,5,12.33333333,NA,62,0,NK.HE.2,HE.2.L
2011,NK,HE,TR,2,M,1.2,0,8.5,16,2,3,NA,6,0,NK.HE.2,HE.2.M
2011,NK,HE,TR,2,M,4.1,0,9.8,10,3,9.666666667,NA,29,0,NK.HE.2,HE.2.M
2011,NK,HE,TR,2,M,4.5,0,16.2,10,6,8.25,NA,50,0,NK.HE.2,HE.2.M
2011,NK,HE,TR,2,MT,2.1,0,11.2,9,5,11.66666667,NA,58,0,NK.HE.2,HE.2.MT
2011,NK,HE,TR,2,MT,2.2,0,13.3,11,10,10.16666667,NA,102,0,NK.HE.2,HE.2.MT
2011,NK,HE,TR,2,MT,3.4,0,7.1,7,3,9.666666667,NA,29,0,NK.HE.2,HE.2.MT
2011,NK,HE,TR,2,MT,3.5,0,10,8,4,13.25,NA,53,0,NK.HE.2,HE.2.MT
2011,NK,HE,TR,2,MT,4.2,0,11.9,19,1,12,NA,12,0,NK.HE.2,HE.2.MT
2011,NK,HE,TR,2,MT,5.5,0,12,13,6,11.33333333,NA,68,2,NK.HE.2,HE.2.MT
2011,NK,HE,TR,3,F,2.1,0,12.8,16,2,12,NA,24,0,NK.HE.3,HE.3.F
2011,NK,HE,TR,3,F,4.3,0,5.4,9,2,5,NA,10,0,NK.HE.3,HE.3.F
2011,NK,HE,TR,3,F,5.4,0,13.7,17,6,9.75,NA,58,0,NK.HE.3,HE.3.F
2011,NK,HE,TR,3,H,2.3,0,8.5,9,3,7.666666667,NA,23,0,NK.HE.3,HE.3.H
2011,NK,HE,TR,3,H,5.1,0,8,8,4,7.666666667,NA,31,1.333333333,NK.HE.3,HE.3.H
2011,NK,HE,TR,3,H,5.3,0,9.3,9,4,8,NA,32,0,NK.HE.3,HE.3.H
2011,NK,HE,TR,3,HE,1.1,0,12,17,3,10.33333333,NA,31,0,NK.HE.3,HE.3.HE
2011,NK,HE,TR,3,HE,1.4,0,11.1,9,2,8,NA,16,0,NK.HE.3,HE.3.HE
2011,NK,HE,TR,3,HE,2.1,0,13.7,10,6,11,NA,66,0,NK.HE.3,HE.3.HE
2011,NK,HE,TR,3,HE,3.3,0,6.7,7,2,4.5,NA,9,0,NK.HE.3,HE.3.HE
2011,NK,HE,TR,3,L,1.5,0,11.8,12,6,15.66666667,NA,94,0,NK.HE.3,HE.3.L
2011,NK,HE,TR,3,L,2.1,0,9.5,12,3,9.333333333,NA,28,0,NK.HE.3,HE.3.L
2011,NK,HE,TR,3,L,2.2,0,11.7,12,7,6.75,NA,47,0,NK.HE.3,HE.3.L
2011,NK,HE,TR,3,L,3.2,0,12,13,6,7.6,NA,46,0,NK.HE.3,HE.3.L
2011,NK,HE,TR,3,L,4.2,0,10.6,12,3,4.666666667,NA,14,1,NK.HE.3,HE.3.L
2011,NK,HE,TR,3,L,5.2,0,10.2,12,4,2.5,NA,10,0,NK.HE.3,HE.3.L
2011,NK,HE,TR,3,L,5.3,0,7.5,9,2,6.5,NA,13,0,NK.HE.3,HE.3.L
2011,NK,HE,TR,3,M,1.1,0,4.1,7,1,1,NA,1,0,NK.HE.3,HE.3.M
2011,NK,HE,TR,3,M,2.3,0,9.7,9,4,5.333333333,NA,21,0,NK.HE.3,HE.3.M
2011,NK,HE,TR,3,M,3.1,0,7.8,9,4,5.75,NA,23,3,NK.HE.3,HE.3.M
2011,NK,HE,TR,3,M,3.2,0,8.5,9,2,8.5,NA,17,0,NK.HE.3,HE.3.M
2011,NK,HE,TR,3,M,4.2,0,6.5,9,1,2,NA,2,0,NK.HE.3,HE.3.M
2011,NK,HE,TR,3,M,5.1,0,10.5,11,5,10.6,NA,53,0,NK.HE.3,HE.3.M
2011,NK,HE,TR,3,MT,1.3,0,3.7,6,1,6,NA,6,0,NK.HE.3,HE.3.MT
2011,NK,HE,TR,3,MT,3.5,0,7.7,8,2,7,NA,14,2,NK.HE.3,HE.3.MT
2011,NK,HE,TR,3,MT,4.5,0,6.6,8,2,13,NA,26,0,NK.HE.3,HE.3.MT
2011,NK,HE,TR,4,F,2.1,0,18.8,18,3,13.66666667,NA,41,1,NK.HE.4,HE.4.F
2011,NK,HE,TR,4,F,3.1,0,12.5,15,2,10,NA,20,0,NK.HE.4,HE.4.F
2011,NK,HE,TR,4,F,3.5,0,21.6,21,6,10.75,NA,64,0,NK.HE.4,HE.4.F
2011,NK,HE,TR,4,F,4.3,0,16,18,5,8.666666667,NA,43,0,NK.HE.4,HE.4.F
2011,NK,HE,TR,4,F,5.5,0,11.8,10,3,4.666666667,NA,14,0,NK.HE.4,HE.4.F
2011,NK,HE,TR,4,H,1.2,0,14.7,12,3,5,NA,15,0,NK.HE.4,HE.4.H
2011,NK,HE,TR,4,H,2.1,0,8,8,2,5,NA,10,0,NK.HE.4,HE.4.H
2011,NK,HE,TR,4,H,3.3,0,7.7,8,2,6,NA,12,0,NK.HE.4,HE.4.H
2011,NK,HE,TR,4,H,3.5,0,9.8,9,2,8.5,NA,17,0,NK.HE.4,HE.4.H
2011,NK,HE,TR,4,H,5.2,0,7.5,9,1,6,NA,6,0,NK.HE.4,HE.4.H
2011,NK,HE,TR,4,L,1.3,0,8.2,9,2,1,NA,2,0,NK.HE.4,HE.4.L
2011,NK,HE,TR,4,L,1.4,0,18.2,22,6,10,NA,60,0,NK.HE.4,HE.4.L
2011,NK,HE,TR,4,L,2.3,0,8.8,10,2,1,NA,2,0,NK.HE.4,HE.4.L
2011,NK,HE,TR,4,L,2.4,0,11.2,10,2,8.5,NA,17,0,NK.HE.4,HE.4.L
2011,NK,HE,TR,4,L,3.1,0,8.5,10,2,6.5,NA,13,0,NK.HE.4,HE.4.L
2011,NK,HE,TR,4,L,4.4,0,10.2,11,3,2,NA,6,0,NK.HE.4,HE.4.L
2011,NK,HE,TR,4,L,5.2,0,8.5,11,1,7,NA,7,0,NK.HE.4,HE.4.L
2011,NK,HE,TR,4,L,5.3,0,11.7,10,3,7.666666667,NA,23,0,NK.HE.4,HE.4.L
2011,NK,HE,TR,4,M,1.2,0,12,8,4,7.666666667,NA,31,1.333333333,NK.HE.4,HE.4.M
2011,NK,HE,TR,4,M,5.2,0,13.1,11,2,12.5,NA,25,0,NK.HE.4,HE.4.M
2011,NK,HE,TR,4,MT,1.2,0,6.9,8,2,4.5,NA,9,0,NK.HE.4,HE.4.MT
2011,NK,HE,TR,4,MT,2.2,0,7,8,2,10,NA,20,0,NK.HE.4,HE.4.MT
2011,NK,HE,TR,4,MT,2.5,0,6.8,7,1,8,NA,8,0,NK.HE.4,HE.4.MT
2011,NK,HE,TR,4,MT,3.1,0,10.2,9,3,10.33333333,NA,31,0,NK.HE.4,HE.4.MT
2011,NK,HE,TR,4,MT,4.1,0,7,7,2,6.5,NA,13,0,NK.HE.4,HE.4.MT
2011,NK,HE,TR,4,MT,5.2,0,9.6,7,2,9,NA,18,0,NK.HE.4,HE.4.MT
2011,NK,HE,TR,5,F,1.5,0,8.5,13,3,6,NA,18,0,NK.HE.5,HE.5.F
2011,NK,HE,TR,5,F,4.3,0,14,17,7,10,NA,70,0,NK.HE.5,HE.5.F
2011,NK,HE,TR,5,H,1.2,0,14.3,12,6,12.16666667,NA,73,1,NK.HE.5,HE.5.H
2011,NK,HE,TR,5,H,2.1,0,10.5,11,4,10.25,NA,41,0,NK.HE.5,HE.5.H
2011,NK,HE,TR,5,H,2.4,0,8.5,8,2,9,NA,18,0,NK.HE.5,HE.5.H
2011,NK,HE,TR,5,H,3.3,0,7.8,10,3,4.666666667,NA,14,0,NK.HE.5,HE.5.H
2011,NK,HE,TR,5,H,4.3,0,4.8,9,2,3,NA,6,0,NK.HE.5,HE.5.H
2011,NK,HE,TR,5,H,5.5,0,14.5,18,7,9.75,NA,68,1.75,NK.HE.5,HE.5.H
2011,NK,HE,TR,5,L,1.3,0,7.1,9,1,1,NA,1,0,NK.HE.5,HE.5.L
2011,NK,HE,TR,5,L,1.4,0,18.5,24,7,10.83333333,NA,76,0,NK.HE.5,HE.5.L
2011,NK,HE,TR,5,L,1.5,0,13.8,20,3,13,NA,78,0,NK.HE.5,HE.5.L
2011,NK,HE,TR,5,L,2.1,0,13.2,19,1,14,NA,14,0,NK.HE.5,HE.5.L
2011,NK,HE,TR,5,L,2.2,0,7.3,20,4,1,0,3,0,NK.HE.5,HE.5.L
2011,NK,HE,TR,5,L,3.1,0,7.8,10,4,4.5,NA,18,0,NK.HE.5,HE.5.L
2011,NK,HE,TR,5,L,4.1,0,6.1,10,1,4,NA,4,0,NK.HE.5,HE.5.L
2011,NK,HE,TR,5,L,4.3,0,14,19,1,2,NA,2,0,NK.HE.5,HE.5.L
2011,NK,HE,TR,5,M,1.3,0,12.1,11,4,9.25,NA,37,0,NK.HE.5,HE.5.M
2011,NK,HE,TR,5,M,1.4,0,11.4,10,4,9.5,NA,38,0,NK.HE.5,HE.5.M
2011,NK,HE,TR,5,M,2.3,0,17.5,12,7,10.5,NA,74,0,NK.HE.5,HE.5.M
2011,NK,HE,TR,5,M,3.2,0,13.7,12,5,6.4,NA,32,0,NK.HE.5,HE.5.M
2011,NK,HE,TR,5,M,3.3,0,12,10,5,5.666666667,NA,28,0,NK.HE.5,HE.5.M
2011,NK,HE,TR,5,M,4.5,0,13.7,10,4,11,NA,44,0,NK.HE.5,HE.5.M
2011,NK,HE,TR,5,MT,1.3,0,9.5,9,3,10.33333333,NA,31,0,NK.HE.5,HE.5.MT
2011,NK,HE,TR,5,MT,1.4,0,7.8,8,4,9,NA,36,0,NK.HE.5,HE.5.MT
2011,NK,HE,TR,5,MT,2.1,0,11,11,8,10.25,NA,82,0,NK.HE.5,HE.5.MT
2011,NK,HE,TR,5,MT,2.3,0,11.7,9,3,4,NA,12,0,NK.HE.5,HE.5.MT
2011,NK,HE,TR,5,MT,2.4,0,9.5,10,3,12.33333333,NA,37,0,NK.HE.5,HE.5.MT
2011,NK,HE,TR,5,MT,2.5,0,8.8,8,4,9,NA,36,2,NK.HE.5,HE.5.MT
2011,NK,HE,TR,5,MT,3.2,0,11,10,2,9,NA,18,0,NK.HE.5,HE.5.MT
2011,NK,HE,TR,5,MT,4.2,0,10.2,10,5,9,NA,45,0,NK.HE.5,HE.5.MT
2011,NK,HE,TR,5,MT,4.3,0,9,8,2,10.5,NA,21,0,NK.HE.5,HE.5.MT
2011,NK,HE,TR,5,MT,5.1,0,8.6,9,4,9,NA,36,1,NK.HE.5,HE.5.MT
2011,NK,HE,TR,5,MT,5.4,0,8.7,9,3,5.333333333,NA,16,0,NK.HE.5,HE.5.MT
2011,NK,HE,TR,6,H,1.2,0,NA,9,3,6.5,NA,20,0,NK.HE.6,HE.6.H
2011,NK,HE,TR,6,H,1.3,0,8.4,10,2,8.5,NA,17,0,NK.HE.6,HE.6.H
2011,NK,HE,TR,6,H,2.1,0,8.2,10,1,12,NA,12,0,NK.HE.6,HE.6.H
2011,NK,HE,TR,6,H,2.5,0,6.8,9,1,10,NA,10,0,NK.HE.6,HE.6.H
2011,NK,HE,TR,6,H,3.1,0,7,9,1,9,NA,9,0,NK.HE.6,HE.6.H
2011,NK,HE,TR,6,H,4.1,0,12.5,10,3,9.333333333,NA,28,0,NK.HE.6,HE.6.H
2011,NK,HE,TR,6,HE,3.4,0,8.2,8,1,9,NA,9,0,NK.HE.6,HE.6.HE
2011,NK,HE,TR,6,HE,4.2,0,10.7,10,2,13,NA,26,0,NK.HE.6,HE.6.HE
2011,NK,HE,TR,6,HE,4.4,0,7.8,9,1,9,NA,9,0,NK.HE.6,HE.6.HE
2011,NK,HE,TR,6,HE,4.5,0,7.2,8,1,7,NA,7,0,NK.HE.6,HE.6.HE
2011,NK,HE,TR,6,HE,5.2,0,11.2,9,3,7.666666667,NA,23,0,NK.HE.6,HE.6.HE
2011,NK,HE,TR,6,L,1.4,0,12.5,9,3,7,NA,21,3,NK.HE.6,HE.6.L
2011,NK,HE,TR,6,L,2.1,0,NA,13,2,14,NA,28,0,NK.HE.6,HE.6.L
2011,NK,HE,TR,6,L,2.4,0,15.7,20,5,12.5,NA,62,0,NK.HE.6,HE.6.L
2011,NK,HE,TR,6,L,4.2,1,NA,7,6,12.66666667,4,59,0,NK.HE.6,HE.6.L
2011,NK,HE,TR,6,L,4.5,0,9.1,11,2,11,NA,22,0,NK.HE.6,HE.6.L
2011,NK,HE,TR,6,M,1.1,0,9.4,9,2,9.5,NA,19,0,NK.HE.6,HE.6.M
2011,NK,HE,TR,6,M,1.4,0,11.8,10,5,9.75,NA,49,0,NK.HE.6,HE.6.M
2011,NK,HE,TR,6,M,2.4,0,17.3,11,7,11,NA,77,0,NK.HE.6,HE.6.M
2011,NK,HE,TR,6,M,2.5,0,15,11,6,9,NA,54,0,NK.HE.6,HE.6.M
2011,NK,HE,TR,6,M,3.2,0,NA,15,7,12.5,NA,88,0,NK.HE.6,HE.6.M
2011,NK,HE,TR,6,M,4.3,0,15.6,14,5,9,NA,45,0,NK.HE.6,HE.6.M
2011,NK,HE,TR,6,M,4.4,0,16.7,14,5,9.666666667,NA,48,0,NK.HE.6,HE.6.M
2011,NK,HE,TR,6,M,5.5,0,11.4,13,3,12.66666667,NA,38,0,NK.HE.6,HE.6.M
2011,NK,HE,TR,6,MT,1.2,0,13.3,10,4,9.29,NA,37,0,NK.HE.6,HE.6.MT
2011,NK,HE,TR,6,MT,1.3,0,12,10,5,4.5,NA,22,0,NK.HE.6,HE.6.MT
2011,NK,HE,TR,6,MT,2.3,0,11.4,8,4,7.75,NA,31,1,NK.HE.6,HE.6.MT
2011,NK,HE,TR,6,MT,2.5,0,13.2,10,4,11.75,NA,47,0,NK.HE.6,HE.6.MT
2011,NK,HE,TR,6,MT,3.2,0,11.2,11,5,11.4,NA,57,0,NK.HE.6,HE.6.MT
2011,NK,HE,TR,6,MT,3.4,0,14.4,10,6,8,NA,48,0,NK.HE.6,HE.6.MT
2011,NK,HE,TR,6,MT,4.1,0,NA,13,7,13.5,NA,94,0,NK.HE.6,HE.6.MT
2011,NK,HE,TR,6,MT,4.2,0,13.6,10,7,7,NA,49,0,NK.HE.6,HE.6.MT
2011,NK,HE,TR,6,MT,4.3,0,13.4,12,5,8.4,NA,42,0,NK.HE.6,HE.6.MT
2011,NK,HE,TR,6,MT,5.2,0,15.5,12,9,7.8,NA,70,0,NK.HE.6,HE.6.MT
2011,NK,HE,TR,6,MT,5.4,0,10.4,9,3,11,NA,33,0,NK.HE.6,HE.6.MT
2011,NK,HE,TR,7,F,1.1,0,15.1,12,7,6.333333333,NA,44,0,NK.HE.7,HE.7.F
2011,NK,HE,TR,7,F,2.1,0,20.3,12,4,9,NA,36,0,NK.HE.7,HE.7.F
2011,NK,HE,TR,7,F,3.2,0,21,12,6,8.5,NA,51,4,NK.HE.7,HE.7.F
2011,NK,HE,TR,7,F,3.3,0,17.1,10,2,4,NA,8,3,NK.HE.7,HE.7.F
2011,NK,HE,TR,7,F,4.2,0,21.4,19,5,13.5,NA,68,1.25,NK.HE.7,HE.7.F
2011,NK,HE,TR,7,F,5.2,0,17.7,12,4,12,NA,48,0,NK.HE.7,HE.7.F
2011,NK,HE,TR,7,F,5.3,0,18.5,16,3,9,NA,27,0,NK.HE.7,HE.7.F
2011,NK,HE,TR,7,F,5.5,0,17,15,2,12.5,NA,25,1,NK.HE.7,HE.7.F
2011,NK,HE,TR,7,H,2.1,0,10.2,8,2,11,NA,22,0,NK.HE.7,HE.7.H
2011,NK,HE,TR,7,HE,1.3,0,21,17,6,12,NA,72,0,NK.HE.7,HE.7.HE
2011,NK,HE,TR,7,HE,1.5,0,9.6,7,2,3,NA,6,0,NK.HE.7,HE.7.HE
2011,NK,HE,TR,7,HE,2.3,0,14.2,7,3,5.333333333,NA,16,0,NK.HE.7,HE.7.HE
2011,NK,HE,TR,7,HE,4.4,0,16.2,13,6,10.5,NA,63,0,NK.HE.7,HE.7.HE
2011,NK,HE,TR,7,HE,5.1,0,15.1,11,6,10.66666667,NA,64,0,NK.HE.7,HE.7.HE
2011,NK,HE,TR,7,HE,5.3,1,NA,9,1,4,NA,4,0,NK.HE.7,HE.7.HE
2011,NK,HE,TR,7,L,1.3,0,14,19,3,10.33333333,NA,31,0,NK.HE.7,HE.7.L
2011,NK,HE,TR,7,M,1.4,0,13.4,12,4,8.5,NA,34,0,NK.HE.7,HE.7.M
2011,NK,HE,TR,7,M,1.5,0,13.3,11,2,10,NA,20,1,NK.HE.7,HE.7.M
2011,NK,HE,TR,7,MT,1.1,0,7.1,7,2,1,NA,2,0,NK.HE.7,HE.7.MT
2011,NK,HE,TR,7,MT,1.2,0,14.5,10,5,9.6,NA,48,0,NK.HE.7,HE.7.MT
2011,NK,HE,TR,7,MT,2.2,0,8.2,8,1,7,NA,7,0,NK.HE.7,HE.7.MT
2011,NK,HE,TR,8,F,2.3,0,13.8,18,5,11.33333333,NA,57,0,NK.HE.8,HE.8.F
2011,NK,HE,TR,8,F,3.1,0,11.4,7,1,5,NA,5,0,NK.HE.8,HE.8.F
2011,NK,HE,TR,8,F,3.4,0,13.7,16,4,9.5,NA,38,0,NK.HE.8,HE.8.F
2011,NK,HE,TR,8,F,4.1,0,13.3,13,3,6.666666667,NA,20,0,NK.HE.8,HE.8.F
2011,NK,HE,TR,8,F,4.3,0,8.6,10,1,1,NA,1,0,NK.HE.8,HE.8.F
2011,NK,HE,TR,8,F,4.4,0,15.5,15,5,15,NA,75,0,NK.HE.8,HE.8.F
2011,NK,HE,TR,8,F,4.5,0,9.4,12,2,14,NA,28,0,NK.HE.8,HE.8.F
2011,NK,HE,TR,8,F,5.5,0,9.4,15,4,6.75,NA,27,0,NK.HE.8,HE.8.F
2011,NK,HE,TR,8,HE,2.1,0,13.5,14,5,9.4,NA,47,0,NK.HE.8,HE.8.HE
2011,NK,HE,TR,8,HE,2.4,0,14.8,9,3,12,NA,36,0,NK.HE.8,HE.8.HE
2011,NK,HE,TR,8,HE,2.5,0,13.1,10,5,7,NA,35,0,NK.HE.8,HE.8.HE
2011,NK,HE,TR,8,HE,3.3,0,10.6,10,2,7,NA,14,0,NK.HE.8,HE.8.HE
2011,NK,HE,TR,8,HE,3.5,0,10.5,10,4,7.5,NA,30,0,NK.HE.8,HE.8.HE
2011,NK,HE,TR,8,HE,4.4,0,9.5,10,2,10,NA,20,0,NK.HE.8,HE.8.HE
2011,NK,HE,TR,8,HE,4.5,0,15.1,10,6,9.6,NA,58,0,NK.HE.8,HE.8.HE
2011,NK,HE,TR,8,HE,5.1,0,12.7,16,5,10,NA,50,0,NK.HE.8,HE.8.HE
2011,NK,HE,TR,8,HE,5.2,0,14.7,19,5,12.4,NA,62,0,NK.HE.8,HE.8.HE
2011,NK,HE,TR,8,HE,5.4,0,12.2,10,5,7.666666667,NA,38,0,NK.HE.8,HE.8.HE
2011,NK,HE,TR,8,L,1.1,0,14.1,17,4,8.75,NA,35,0,NK.HE.8,HE.8.L
2011,NK,HE,TR,8,L,3.1,0,10.2,11,1,4,NA,4,0,NK.HE.8,HE.8.L
2011,NK,HE,TR,8,L,3.5,0,8.3,11,1,8,NA,8,0,NK.HE.8,HE.8.L
2011,NK,HE,TR,8,L,4.2,0,8.1,10,1,5,NA,5,0,NK.HE.8,HE.8.L
2011,NK,HE,TR,8,L,5.5,0,7.1,9,2,6,NA,12,0,NK.HE.8,HE.8.L
2011,NK,HE,TR,8,MT,1.1,0,11,11,5,10.25,NA,51,0,NK.HE.8,HE.8.MT
2011,NK,HE,TR,8,MT,2.1,0,6.7,7,2,15,NA,30,0,NK.HE.8,HE.8.MT
2011,NK,HE,TR,8,MT,4.1,0,7,7,3,13,NA,39,0,NK.HE.8,HE.8.MT
2011,NK,HE,TR,8,MT,4.3,0,9,8,3,6.333333333,NA,19,0,NK.HE.8,HE.8.MT
2011,NK,HE,TR,8,MT,5.1,0,7,9,4,8.75,NA,35,0,NK.HE.8,HE.8.MT
2011,NK,HE,TR,8,MT,5.5,0,7.7,7,1,10,NA,10,0,NK.HE.8,HE.8.MT
2011,NK,HE,TR,9,F,1.2,0,13.5,11,3,7.666666667,NA,23,0,NK.HE.9,HE.9.F
2011,NK,HE,TR,9,F,1.5,0,13,22,4,10.5,NA,42,0,NK.HE.9,HE.9.F
2011,NK,HE,TR,9,F,2.1,0,12,13,2,10,NA,20,0,NK.HE.9,HE.9.F
2011,NK,HE,TR,9,F,2.2,0,17.8,20,4,11.5,NA,46,0,NK.HE.9,HE.9.F
2011,NK,HE,TR,9,F,2.3,0,9.2,11,3,8.333333333,NA,25,0,NK.HE.9,HE.9.F
2011,NK,HE,TR,9,F,3.1,0,11,12,2,9,NA,18,0,NK.HE.9,HE.9.F
2011,NK,HE,TR,9,F,3.3,0,15,23,7,12,5,77,1,NK.HE.9,HE.9.F
2011,NK,HE,TR,9,F,3.4,0,8.6,13,2,5.5,NA,11,0,NK.HE.9,HE.9.F
2011,NK,HE,TR,9,F,3.5,0,7.8,11,2,7.5,NA,15,0,NK.HE.9,HE.9.F
2011,NK,HE,TR,9,F,4.1,0,15.1,18,4,12,NA,48,0,NK.HE.9,HE.9.F
2011,NK,HE,TR,9,F,4.2,0,10.7,12,2,10.5,NA,21,0,NK.HE.9,HE.9.F
2011,NK,HE,TR,9,F,4.4,0,12,12,3,0.666666667,NA,2,0,NK.HE.9,HE.9.F
2011,NK,HE,TR,9,F,4.5,0,9,15,2,10,NA,20,0,NK.HE.9,HE.9.F
2011,NK,HE,TR,9,F,5.2,0,14,17,5,12.6,NA,63,1,NK.HE.9,HE.9.F
2011,NK,HE,TR,9,F,5.5,0,16.5,26,6,12,NA,72,0,NK.HE.9,HE.9.F
2011,NK,HE,TR,9,H,1.1,0,9.5,9,4,4.25,NA,17,0,NK.HE.9,HE.9.H
2011,NK,HE,TR,9,H,2.3,0,12.5,11,5,10.8,NA,54,0,NK.HE.9,HE.9.H
2011,NK,HE,TR,9,H,3.5,0,11.3,10,5,7.5,NA,38,0,NK.HE.9,HE.9.H
2011,NK,HE,TR,9,H,4.1,0,12.3,9,3,10,NA,30,0,NK.HE.9,HE.9.H
2011,NK,HE,TR,9,H,4.3,0,8.5,9,1,10,NA,10,0,NK.HE.9,HE.9.H
2011,NK,HE,TR,9,H,4.4,0,9.3,9,3,8.333333333,NA,25,0,NK.HE.9,HE.9.H
2011,NK,HE,TR,9,H,5.1,0,13.8,9,5,8,NA,40,0,NK.HE.9,HE.9.H
2011,NK,HE,TR,9,H,5.2,0,18.5,11,6,6.333333333,NA,38,0,NK.HE.9,HE.9.H
2011,NK,HE,TR,9,HE,3.1,0,NA,28,4,13.6,4.666666667,54,0,NK.HE.9,HE.9.HE
2011,NK,HE,TR,9,HE,5.2,0,NA,17,9,11.75,12,106,1.75,NK.HE.9,HE.9.HE
2011,NK,HE,TR,9,HE,5.3,0,11.2,11,4,9.75,NA,39,0,NK.HE.9,HE.9.HE
2011,NK,HE,TR,9,HE,5.4,0,17.3,14,6,8.666666667,NA,52,0,NK.HE.9,HE.9.HE
2011,NK,HE,TR,9,HE,5.5,0,12,10,4,9,NA,36,0,NK.HE.9,HE.9.HE
2011,NK,HE,TR,9,L,2.3,0,6.5,10,3,3,NA,9,0,NK.HE.9,HE.9.L
2011,NK,HE,TR,9,L,4.1,0,10.2,12,5,8.4,NA,42,1,NK.HE.9,HE.9.L
2011,NK,HE,TR,9,L,4.2,0,5.8,10,2,7,NA,14,0,NK.HE.9,HE.9.L
2011,NK,HE,TR,9,L,4.3,0,8.6,10,3,7,NA,21,8,NK.HE.9,HE.9.L
2011,NK,HE,TR,9,L,5.2,0,10,12,4,4,NA,16,5,NK.HE.9,HE.9.L
2011,NK,HE,TR,9,L,5.3,0,11.3,14,4,8.75,NA,35,0,NK.HE.9,HE.9.L
2011,NK,HE,TR,9,M,1.3,0,15.5,12,3,3.333333333,NA,10,0,NK.HE.9,HE.9.M
2011,NK,HE,TR,9,M,4.5,0,6.9,8,2,2,NA,4,0,NK.HE.9,HE.9.M
2011,NK,HE,TR,9,M,5.1,0,11,9,4,2.666666667,NA,11,0,NK.HE.9,HE.9.M
2011,NK,HE,TR,9,M,5.3,0,6.6,10,2,7,NA,14,0,NK.HE.9,HE.9.M
2011,NK,HE,TR,9,MT,1.2,0,12.2,12,5,12.4,NA,62,0,NK.HE.9,HE.9.MT
2011,NK,L,TR,1,M,5.4,0,21.8,33,22,12.71428571,9.2,231,6.742857143,NK.L.1,L.1.M
2011,NK,L,TR,10,M,2.2,0,20.1,14,7,6.333333333,0,38,0,NK.L.10,L.10.M
2011,NK,L,TR,10,M,4.2,0,16,16,6,6.2,NA,37,0,NK.L.10,L.10.M
2011,NK,L,TR,2,H,1.2,0,13.5,9,2,5.5,NA,11,0,NK.L.2,L.2.H
2011,NK,L,TR,2,H,1.3,0,11.4,9,3,5.666666667,NA,17,0,NK.L.2,L.2.H
2011,NK,L,TR,2,H,3.1,0,24,24,14,10.25,8.833333333,135,2,NK.L.2,L.2.H
2011,NK,L,TR,2,H,4.1,0,20.3,15,8,10.5,6,80,0,NK.L.2,L.2.H
2011,NK,L,TR,2,H,5.1,0,18.7,15,6,8,NA,48,1,NK.L.2,L.2.H
2011,NK,L,TR,2,L,5.4,0,18.7,11,6,8.5,NA,51,0,NK.L.2,L.2.L
2011,NK,L,TR,2,M,4.1,0,20.7,19,7,9,10,64,5,NK.L.2,L.2.M
2011,NK,L,TR,2,M,4.3,1,NA,28,13,9,8.083333333,105,19.5,NK.L.2,L.2.M
2011,NK,L,TR,2,M,5.4,0,18.5,15,3,6.333333333,1,14,2,NK.L.2,L.2.M
2011,NK,L,TR,3,H,1.1,0,17.8,13,5,10.2,NA,51,0,NK.L.3,L.3.H
2011,NK,L,TR,3,H,1.5,0,16.3,11,5,7.4,NA,37,0,NK.L.3,L.3.H
2011,NK,L,TR,3,H,2.2,0,16.1,14,4,7.5,NA,30,2,NK.L.3,L.3.H
2011,NK,L,TR,3,H,2.3,1,NA,13,2,12,NA,24,0,NK.L.3,L.3.H
2011,NK,L,TR,3,H,3.1,1,NA,14,3,13,4.5,22,0,NK.L.3,L.3.H
2011,NK,L,TR,3,H,3.2,1,NA,10,2,7,10,17,2,NK.L.3,L.3.H
2011,NK,L,TR,3,H,3.3,0,17.2,11,3,10.66666667,NA,32,0,NK.L.3,L.3.H
2011,NK,L,TR,3,H,4.1,0,20,9,6,6.5,NA,39,6,NK.L.3,L.3.H
2011,NK,L,TR,3,H,4.3,0,14.8,9,3,3.666666667,NA,11,2,NK.L.3,L.3.H
2011,NK,L,TR,3,H,5.1,0,17,15,4,10,NA,40,0,NK.L.3,L.3.H
2011,NK,L,TR,3,H,5.2,0,18,20,8,8,9.333333333,68,16.66666667,NK.L.3,L.3.H
2011,NK,L,TR,3,L,1.1,0,26.3,16,10,8,NA,80,1,NK.L.3,L.3.L
2011,NK,L,TR,3,L,1.5,0,23.6,16,3,12.33333333,NA,37,0,NK.L.3,L.3.L
2011,NK,L,TR,3,L,5.1,1,NA,15,2,16,NA,32,0,NK.L.3,L.3.L
2011,NK,L,TR,3,L,5.2,0,NA,NA,2,3,NA,6,0,NK.L.3,L.3.L
2011,NK,L,TR,3,M,1.4,0,15.8,16,5,8.2,NA,41,1,NK.L.3,L.3.M
2011,NK,L,TR,3,M,2.3,0,11.1,13,1,2,NA,2,0,NK.L.3,L.3.M
2011,NK,L,TR,3,M,3.5,0,15,14,2,9,NA,18,0,NK.L.3,L.3.M
2011,NK,L,TR,3,M,5.3,0,14,17,4,10.33333333,NA,41,0,NK.L.3,L.3.M
2011,NK,L,TR,4,H,2.4,0,13.2,9,8,6,NA,48,24,NK.L.4,L.4.H
2011,NK,L,TR,4,H,3.1,0,19.5,24,8,9.5,9,75,0,NK.L.4,L.4.H
2011,NK,L,TR,4,H,3.3,0,13.5,10,2,7.5,NA,15,0,NK.L.4,L.4.H
2011,NK,L,TR,4,H,4.1,0,16.1,12,4,5.25,NA,21,4,NK.L.4,L.4.H
2011,NK,L,TR,4,H,5.3,0,12,11,2,5,NA,10,0,NK.L.4,L.4.H
2011,NK,L,TR,4,L,4.3,0,20,15,5,11.2,NA,56,0,NK.L.4,L.4.L
2011,NK,L,TR,4,M,1.2,0,13.5,9,1,9,NA,9,0,NK.L.4,L.4.M
2011,NK,L,TR,4,M,1.4,0,13,11,2,4,NA,8,0,NK.L.4,L.4.M
2011,NK,L,TR,4,M,2.1,0,17.5,12,3,10.33333333,NA,31,0,NK.L.4,L.4.M
2011,NK,L,TR,4,M,3.1,0,16.2,9,3,11,NA,33,0,NK.L.4,L.4.M
2011,NK,L,TR,4,M,4.1,0,24,18,9,9.333333333,11,87,9.333333333,NK.L.4,L.4.M
2011,NK,L,TR,5,H,1.1,1,8.4,11,1,11,NA,11,0,NK.L.5,L.5.H
2011,NK,L,TR,5,H,1.4,0,12.4,12,5,7.8,NA,39,0,NK.L.5,L.5.H
2011,NK,L,TR,5,H,2.1,0,17.5,16,5,11.8,NA,59,0,NK.L.5,L.5.H
2011,NK,L,TR,5,H,2.2,0,10.6,10,3,7,NA,21,1,NK.L.5,L.5.H
2011,NK,L,TR,5,H,2.5,0,14.8,18,4,0,3,3,0,NK.L.5,L.5.H
2011,NK,L,TR,5,H,3.4,0,10.8,10,4,9.5,NA,38,2,NK.L.5,L.5.H
2011,NK,L,TR,5,H,5.1,0,11.7,12,4,8.25,NA,33,1,NK.L.5,L.5.H
2011,NK,L,TR,5,L,5.2,1,NA,25,5,NA,7.25,36,0,NK.L.5,L.5.L
2011,NK,L,TR,5,M,2.1,0,20.7,20,6,10.83333333,NA,65,0,NK.L.5,L.5.M
2011,NK,L,TR,5,M,2.2,0,21,12,6,9.166666667,NA,55,0,NK.L.5,L.5.M
2011,NK,L,TR,5,M,2.4,0,16.3,13,3,8.333333333,NA,25,0,NK.L.5,L.5.M
2011,NK,L,TR,5,M,3.1,0,16.5,12,2,12.5,NA,25,0,NK.L.5,L.5.M
2011,NK,L,TR,5,M,4.4,0,19.6,13,7,6.5,NA,46,0,NK.L.5,L.5.M
2011,NK,L,TR,5,M,5.1,1,18.4,14,1,NA,12,12,0,NK.L.5,L.5.M
2011,NK,L,TR,5,M,5.2,0,27.1,16,8,9.4,NA,75,0,NK.L.5,L.5.M
2011,NK,L,TR,6,H,4.1,0,21.5,24,8,5,8.75,55,0,NK.L.6,L.6.H
2011,NK,L,TR,6,H,5.4,0,18.1,12,5,12,NA,60,0,NK.L.6,L.6.H
2011,NK,L,TR,6,L,2.5,0,8.3,11,1,5,NA,5,0,NK.L.6,L.6.L
2011,NK,L,TR,6,L,4.4,0,13.5,14,4,2.5,NA,10,2,NK.L.6,L.6.L
2011,NK,L,TR,6,L,5.1,0,11.2,12,2,3.5,NA,7,0,NK.L.6,L.6.L
2011,NK,L,TR,6,L,5.4,0,16.9,14,4,8,NA,32,0,NK.L.6,L.6.L
2011,NK,L,TR,6,M,1.1,1,NA,21,1,NA,10,10,2,NK.L.6,L.6.M
2011,NK,L,TR,6,M,2.3,0,11.2,10,2,4.666666667,NA,9,0,NK.L.6,L.6.M
2011,NK,L,TR,6,M,2.5,0,14.7,11,4,6.5,NA,26,0,NK.L.6,L.6.M
2011,NK,L,TR,6,M,4.3,1,10.8,10,1,10,NA,10,0,NK.L.6,L.6.M
2011,NK,L,TR,6,M,4.5,0,NA,24,5,NA,6,30,0,NK.L.6,L.6.M
2011,NK,L,TR,6,M,5.3,0,8.9,9,2,7.5,NA,15,0,NK.L.6,L.6.M
2011,NK,L,TR,7,H,4.1,0,17.8,17,9,10,5,85,16,NK.L.7,L.7.H
2011,NK,L,TR,7,L,4.5,0,17,18,8,7.714285714,1,55,0,NK.L.7,L.7.L
2011,NK,L,TR,7,M,1.1,0,10.5,10,2,5,NA,10,0,NK.L.7,L.7.M
2011,NK,L,TR,7,M,2.1,0,10,23,8,0,9.6,48,0,NK.L.7,L.7.M
2011,NK,L,TR,7,M,2.2,0,15.5,13,4,10.75,NA,43,0,NK.L.7,L.7.M
2011,NK,L,TR,7,M,2.5,0,26.2,13,9,14,NA,126,0,NK.L.7,L.7.M
2011,NK,L,TR,7,M,3.3,0,16.9,12,7,7.857142857,NA,55,2,NK.L.7,L.7.M
2011,NK,L,TR,7,M,4.4,0,NA,28,19,6,8.909090909,146,8.333333333,NK.L.7,L.7.M
2011,NK,L,TR,7,M,5.3,1,12.7,11,2,9,NA,18,0,NK.L.7,L.7.M
2011,NK,L,TR,8,H,4.5,1,NA,21,11,NA,5.363636364,59,1,NK.L.8,L.8.H
2011,NK,L,TR,8,L,4.1,0,23.7,27,15,6,10.5,122,11.54166667,NK.L.8,L.8.L
2011,NK,L,TR,8,M,1.1,0,21.5,29,19,8.25,10.83333333,177,0,NK.L.8,L.8.M
2011,NK,L,TR,8,M,1.4,1,19,14,7,10,NA,70,0,NK.L.8,L.8.M
2011,NK,L,TR,9,H,5.1,1,NA,17,4,0,8,32,0,NK.L.9,L.9.H
2011,NK,L,TR,9,H,5.3,0,18.1,11,5,9.25,6,46,1.25,NK.L.9,L.9.H
2011,NK,L,TR,9,L,1.2,0,19.9,12,6,4.666666667,NA,28,0,NK.L.9,L.9.L
2011,NK,L,TR,9,L,2.1,0,20.7,13,8,6.333333333,NA,51,6.222222222,NK.L.9,L.9.L
2011,NK,L,TR,9,L,2.4,1,NA,26,11,NA,4.777777778,53,1.222222222,NK.L.9,L.9.L
2011,NK,L,TR,9,L,3.3,0,15.2,9,2,6.5,NA,13,0,NK.L.9,L.9.L
2011,NK,L,TR,9,M,1.4,0,20.2,14,6,8.833333333,NA,53,0,NK.L.9,L.9.M
2011,NK,L,TR,9,M,1.5,0,22.4,19,7,13.71428571,NA,96,0,NK.L.9,L.9.M
2011,NK,L,TR,9,M,2.2,1,NA,17,9,NA,5.666666667,51,4,NK.L.9,L.9.M
2011,NK,L,TR,9,M,3.2,0,17.6,12,5,6.8,NA,34,9,NK.L.9,L.9.M
2011,NK,L,TR,9,M,4.5,0,19.5,19,5,5.333333333,NA,27,6.666666667,NK.L.9,L.9.M
2011,NK,M,TR,1,H,1.1,1,NA,14,1,NA,16,16,0,NK.M.1,M.1.H
2011,NK,M,TR,1,H,3.4,1,NA,15,1,NA,11.5,12,0,NK.M.1,M.1.H
2011,NK,M,TR,1,H,4.1,1,NA,18,5,NA,11.6,58,2,NK.M.1,M.1.H
2011,NK,M,TR,1,H,4.5,1,NA,13,1,NA,10,10,0,NK.M.1,M.1.H
2011,NK,M,TR,1,H,5.3,0,19.6,10,4,9.333333333,NA,37,0,NK.M.1,M.1.H
2011,NK,M,TR,1,H,5.5,1,NA,13,3,NA,10.66666667,32,0,NK.M.1,M.1.H
2011,NK,M,TR,1,L,1.1,0,14,12,5,8,NA,40,0,NK.M.1,M.1.L
2011,NK,M,TR,1,L,1.4,0,10.1,11,1,1,NA,1,0,NK.M.1,M.1.L
2011,NK,M,TR,1,L,2.1,1,NA,24,7,9,0.571428571,4,21,NK.M.1,M.1.L
2011,NK,M,TR,1,L,3.2,0,17.7,16,6,8.75,NA,52,0,NK.M.1,M.1.L
2011,NK,M,TR,1,L,3.5,0,17.1,25,6,0.166666667,NA,1,3,NK.M.1,M.1.L
2011,NK,M,TR,1,L,4.3,0,12.1,14,5,0.6,NA,3,8,NK.M.1,M.1.L
2011,NK,M,TR,1,L,4.4,0,13.1,20,4,0.25,NA,1,1,NK.M.1,M.1.L
2011,NK,M,TR,1,L,4.5,0,14.5,15,5,5,NA,25,0,NK.M.1,M.1.L
2011,NK,M,TR,1,L,5.1,0,10.9,12,4,2,NA,8,12,NK.M.1,M.1.L
2011,NK,M,TR,1,L,5.2,0,12,11,4,6.5,NA,26,10,NK.M.1,M.1.L
2011,NK,M,TR,1,M,1.1,0,12.2,8,1,7.5,NA,8,0,NK.M.1,M.1.M
2011,NK,M,TR,1,M,1.4,0,20.8,16,6,12.5,NA,75,0,NK.M.1,M.1.M
2011,NK,M,TR,1,M,3.3,0,16.9,15,2,12.5,NA,25,0,NK.M.1,M.1.M
2011,NK,M,TR,1,M,4.5,0,13.5,9,3,7,NA,21,0,NK.M.1,M.1.M
2011,NK,M,TR,1,M,5.5,0,12.6,11,3,2.666666667,NA,8,0,NK.M.1,M.1.M
2011,NK,M,TR,10,H,1.3,0,20.2,16,6,10.2,9,60,0,NK.M.10,M.10.H
2011,NK,M,TR,10,H,2.4,0,26,11,6,7.333333333,NA,44,0,NK.M.10,M.10.H
2011,NK,M,TR,10,H,3.1,0,23,18,7,11.14285714,NA,78,10,NK.M.10,M.10.H
2011,NK,M,TR,10,H,3.3,0,24.5,18,9,10,NA,90,0,NK.M.10,M.10.H
2011,NK,M,TR,10,H,4.1,0,25.8,23,8,10,NA,80,9,NK.M.10,M.10.H
2011,NK,M,TR,10,M,5.4,0,24.5,26,12,7.777777778,0,70,0,NK.M.10,M.10.M
2011,NK,M,TR,2,H,1.2,0,12.6,12,4,4.75,NA,19,0,NK.M.2,M.2.H
2011,NK,M,TR,2,H,2.5,0,14.1,12,6,12,NA,72,0,NK.M.2,M.2.H
2011,NK,M,TR,2,H,4.5,1,15.5,21,6,NA,11,66,0,NK.M.2,M.2.H
2011,NK,M,TR,2,H,5.3,1,NA,18,1,NA,13,13,0,NK.M.2,M.2.H
2011,NK,M,TR,2,H,5.4,0,14,11,5,7.5,NA,38,0,NK.M.2,M.2.H
2011,NK,M,TR,2,L,1.4,0,14.7,17,3,1.666666667,NA,5,0,NK.M.2,M.2.L
2011,NK,M,TR,2,L,2.3,0,15.1,13,4,0.75,NA,3,0,NK.M.2,M.2.L
2011,NK,M,TR,2,L,3.2,0,13.1,14,2,2.5,NA,5,0,NK.M.2,M.2.L
2011,NK,M,TR,2,L,3.3,0,17.2,15,6,1,NA,6,28,NK.M.2,M.2.L
2011,NK,M,TR,2,L,3.4,0,16.8,15,4,4.25,NA,17,21,NK.M.2,M.2.L
2011,NK,M,TR,2,L,4.2,0,16.5,14,4,10.33333333,NA,41,0,NK.M.2,M.2.L
2011,NK,M,TR,2,L,5.1,0,20.4,21,7,12.5,NA,88,3.5,NK.M.2,M.2.L
2011,NK,M,TR,2,L,5.3,1,NA,14,1,NA,9,9,0,NK.M.2,M.2.L
2011,NK,M,TR,2,M,1.1,0,7.7,10,2,5.5,NA,11,0,NK.M.2,M.2.M
2011,NK,M,TR,2,M,1.3,0,13.4,15,5,7.666666667,NA,38,0,NK.M.2,M.2.M
2011,NK,M,TR,2,M,1.4,0,12.2,10,4,8.333333333,NA,33,1.333333333,NK.M.2,M.2.M
2011,NK,M,TR,2,M,1.5,0,12.6,10,3,11,NA,33,1,NK.M.2,M.2.M
2011,NK,M,TR,2,M,2.3,0,13.3,11,3,10.33333333,NA,31,0,NK.M.2,M.2.M
2011,NK,M,TR,2,M,3.1,0,11.7,15,3,9.333333333,NA,28,0,NK.M.2,M.2.M
2011,NK,M,TR,2,M,3.5,1,NA,22,5,NA,10.8,54,0,NK.M.2,M.2.M
2011,NK,M,TR,2,M,4.2,1,NA,14,2,NA,12,24,0,NK.M.2,M.2.M
2011,NK,M,TR,2,M,4.5,0,9.5,12,2,10.5,NA,21,0,NK.M.2,M.2.M
2011,NK,M,TR,2,M,5.1,0,11.2,12,2,11.5,NA,23,0,NK.M.2,M.2.M
2011,NK,M,TR,2,M,5.5,0,11.9,12,3,6.333333333,NA,19,1,NK.M.2,M.2.M
2011,NK,M,TR,3,H,1.2,0,7,7,1,3,NA,3,0,NK.M.3,M.3.H
2011,NK,M,TR,3,H,1.3,0,14.4,9,4,13.5,NA,54,0,NK.M.3,M.3.H
2011,NK,M,TR,3,H,2.1,0,24.5,21,13,13,9.5,155,1.285714286,NK.M.3,M.3.H
2011,NK,M,TR,3,H,2.2,0,12.6,13,3,4.666666667,NA,14,9,NK.M.3,M.3.H
2011,NK,M,TR,3,H,2.4,0,19,12,4,8.5,NA,34,0,NK.M.3,M.3.H
2011,NK,M,TR,3,H,3.2,0,10.2,9,1,3,NA,3,0,NK.M.3,M.3.H
2011,NK,M,TR,3,H,4.1,1,NA,24,14,NA,9.8,137,0,NK.M.3,M.3.H
2011,NK,M,TR,3,H,4.3,1,NA,14,2,NA,12,24,0,NK.M.3,M.3.H
2011,NK,M,TR,3,H,5.1,1,NA,14,5,14,6.5,40,6,NK.M.3,M.3.H
2011,NK,M,TR,3,H,5.2,0,21,11,5,10.8,NA,54,0,NK.M.3,M.3.H
2011,NK,M,TR,3,H,5.5,0,12.4,10,2,10.2,NA,20,0,NK.M.3,M.3.H
2011,NK,M,TR,3,L,1.1,0,19,19,10,3.2,NA,32,40,NK.M.3,M.3.L
2011,NK,M,TR,3,L,1.3,0,19.5,21,3,3.666666667,NA,11,0,NK.M.3,M.3.L
2011,NK,M,TR,3,L,2.3,0,11.2,11,3,4.666666667,NA,14,0,NK.M.3,M.3.L
2011,NK,M,TR,3,L,3.3,0,12.2,10,6,4.166666667,NA,25,1,NK.M.3,M.3.L
2011,NK,M,TR,3,L,3.4,0,17,14,7,11.5,NA,80,1.75,NK.M.3,M.3.L
2011,NK,M,TR,3,L,4.1,0,14.1,11,4,5.75,NA,23,0,NK.M.3,M.3.L
2011,NK,M,TR,3,L,5.1,0,7.7,11,4,2.5,NA,10,9,NK.M.3,M.3.L
2011,NK,M,TR,3,L,5.2,1,NA,18,2,NA,13,26,0,NK.M.3,M.3.L
2011,NK,M,TR,3,M,1.4,0,21,11,6,10.75,NA,64,0,NK.M.3,M.3.M
2011,NK,M,TR,3,M,2.2,0,17,10,4,7.75,NA,31,12,NK.M.3,M.3.M
2011,NK,M,TR,3,M,2.3,0,15.3,11,3,10.33333333,NA,31,0,NK.M.3,M.3.M
2011,NK,M,TR,3,M,2.4,0,16.5,10,4,8.25,NA,33,0,NK.M.3,M.3.M
2011,NK,M,TR,3,M,3.1,0,16,10,3,9.666666667,NA,29,0,NK.M.3,M.3.M
2011,NK,M,TR,3,M,3.2,0,18.6,15,4,12.75,NA,51,0,NK.M.3,M.3.M
2011,NK,M,TR,3,M,4.1,0,19,9,4,10,NA,40,0,NK.M.3,M.3.M
2011,NK,M,TR,3,M,5.1,0,22.5,17,6,13,NA,78,0,NK.M.3,M.3.M
2011,NK,M,TR,3,M,5.4,0,24.7,12,7,13.2,NA,92,0,NK.M.3,M.3.M
2011,NK,M,TR,4,H,1.1,0,17.2,14,7,11.75,NA,82,0,NK.M.4,M.4.H
2011,NK,M,TR,4,H,1.3,0,16.4,20,9,10.42857143,1,75,0,NK.M.4,M.4.H
2011,NK,M,TR,4,H,1.4,0,9.1,8,2,12.5,NA,25,0,NK.M.4,M.4.H
2011,NK,M,TR,4,H,1.5,0,14.2,10,6,11,NA,66,0,NK.M.4,M.4.H
2011,NK,M,TR,4,H,2.3,0,10.2,10,2,10.5,NA,21,0,NK.M.4,M.4.H
2011,NK,M,TR,4,H,2.4,1,NA,10,1,12,NA,12,0,NK.M.4,M.4.H
2011,NK,M,TR,4,H,2.5,0,13,13,5,8,NA,40,0,NK.M.4,M.4.H
2011,NK,M,TR,4,H,4.5,1,NA,NA,2,15,NA,30,0,NK.M.4,M.4.H
2011,NK,M,TR,4,H,5.1,0,16,14,5,11.5,NA,58,1.25,NK.M.4,M.4.H
2011,NK,M,TR,4,L,1.2,1,NA,22,4,NA,12,48,2,NK.M.4,M.4.L
2011,NK,M,TR,4,L,2.4,0,7.2,9,2,5,NA,10,0,NK.M.4,M.4.L
2011,NK,M,TR,4,L,3.1,0,16,12,6,10.66666667,9,62,0,NK.M.4,M.4.L
2011,NK,M,TR,4,L,3.3,0,9.8,10,2,6,NA,12,0,NK.M.4,M.4.L
2011,NK,M,TR,4,L,4.1,0,15.2,20,7,13.5,NA,94,0,NK.M.4,M.4.L
2011,NK,M,TR,4,L,4.4,0,12.7,12,6,8.5,NA,51,0,NK.M.4,M.4.L
2011,NK,M,TR,4,L,5.4,0,9.1,10,1,11,NA,11,2,NK.M.4,M.4.L
2011,NK,M,TR,4,L,5.5,0,9.7,10,2,10,NA,20,0,NK.M.4,M.4.L
2011,NK,M,TR,4,M,1.2,1,NA,16,1,NA,13,13,0,NK.M.4,M.4.M
2011,NK,M,TR,4,M,1.4,0,NA,16,4,12.5,NA,50,0,NK.M.4,M.4.M
2011,NK,M,TR,4,M,2.5,0,22.5,11,6,14.75,NA,88,0,NK.M.4,M.4.M
2011,NK,M,TR,4,M,4.2,0,7.7,7,2,6.5,NA,13,0,NK.M.4,M.4.M
2011,NK,M,TR,5,H,4.3,0,11.2,17,6,6.833333333,NA,41,0,NK.M.5,M.5.H
2011,NK,M,TR,5,L,1.4,0,9.5,15,5,2.8,NA,14,0,NK.M.5,M.5.L
2011,NK,M,TR,5,L,2.1,0,11.5,12,3,1,NA,3,0,NK.M.5,M.5.L
2011,NK,M,TR,5,L,2.3,0,12.2,33,12,3.46,1.5,32,1.25,NK.M.5,M.5.L
2011,NK,M,TR,5,L,4.1,0,9.5,12,2,0.5,NA,1,0,NK.M.5,M.5.L
2011,NK,M,TR,5,L,5.2,0,NA,17,4,2.75,NA,11,0,NK.M.5,M.5.L
2011,NK,M,TR,5,L,5.5,0,12.2,14,2,9.5,NA,19,1,NK.M.5,M.5.L
2011,NK,M,TR,5,M,5.3,1,NA,21,10,NA,2.4,24,27,NK.M.5,M.5.M
2011,NK,M,TR,6,H,2.5,1,NA,9,1,14.5,1,1,0,NK.M.6,M.6.H
2011,NK,M,TR,6,H,4.3,0,9.1,13,4,5,NA,20,0,NK.M.6,M.6.H
2011,NK,M,TR,6,L,3.3,0,12.5,15,5,10.4,NA,52,1,NK.M.6,M.6.L
2011,NK,M,TR,6,L,4.2,0,8.7,12,4,7,NA,28,0,NK.M.6,M.6.L
2011,NK,M,TR,6,L,4.3,0,10,11,5,1.8,NA,9,0,NK.M.6,M.6.L
2011,NK,M,TR,6,L,4.5,0,5,9,2,1.5,NA,3,0,NK.M.6,M.6.L
2011,NK,M,TR,7,H,1.2,0,8.4,9,1,8,NA,8,0,NK.M.7,M.7.H
2011,NK,M,TR,7,H,1.3,0,13.6,12,4,10.75,NA,43,1,NK.M.7,M.7.H
2011,NK,M,TR,7,H,1.4,0,19.1,15,6,12.25,13,74,0,NK.M.7,M.7.H
2011,NK,M,TR,7,H,1.5,0,15.9,9,5,4.4,NA,22,19,NK.M.7,M.7.H
2011,NK,M,TR,7,H,2.4,0,14,9,3,11.66666667,NA,35,0,NK.M.7,M.7.H
2011,NK,M,TR,7,H,2.5,0,18.5,10,4,12.5,NA,50,0,NK.M.7,M.7.H
2011,NK,M,TR,7,H,3.1,0,17,17,8,12.2,NA,98,0,NK.M.7,M.7.H
2011,NK,M,TR,7,H,3.3,0,13.6,14,5,5.8,NA,29,0,NK.M.7,M.7.H
2011,NK,M,TR,7,H,4.3,0,8.2,8,2,8.5,NA,17,0,NK.M.7,M.7.H
2011,NK,M,TR,7,H,4.4,0,5.5,8,1,3,NA,3,0,NK.M.7,M.7.H
2011,NK,M,TR,7,H,4.5,0,10.5,9,3,6,NA,18,1,NK.M.7,M.7.H
2011,NK,M,TR,7,H,5.3,0,5.8,8,2,6.5,NA,13,0,NK.M.7,M.7.H
2011,NK,M,TR,7,H,5.4,0,10.5,11,3,9,NA,27,0,NK.M.7,M.7.H
2011,NK,M,TR,7,L,5.2,0,9.6,16,4,6,NA,24,0,NK.M.7,M.7.L
2011,NK,M,TR,7,L,5.4,0,9,11,2,6,NA,12,1,NK.M.7,M.7.L
2011,NK,M,TR,7,M,1.4,1,NA,15,5,NA,6.2,31,0,NK.M.7,M.7.M
2011,NK,M,TR,7,M,1.5,0,7.3,10,1,7,NA,7,0,NK.M.7,M.7.M
2011,NK,M,TR,7,M,3.2,1,NA,15,1,NA,13,13,0,NK.M.7,M.7.M
2011,NK,M,TR,8,H,1.2,0,10.2,10,3,8.333333333,NA,25,0,NK.M.8,M.8.H
2011,NK,M,TR,8,L,1.4,0,12.2,16,3,2.666666667,NA,8,3,NK.M.8,M.8.L
2011,NK,M,TR,8,L,1.5,0,14.2,17,2,0.5,NA,1,17,NK.M.8,M.8.L
2011,NK,M,TR,8,L,2.3,1,NA,18,1,13,NA,13,0.5,NK.M.8,M.8.L
2011,NK,M,TR,8,L,4.3,1,NA,24,2,NA,10,20,7,NK.M.8,M.8.L
2011,NK,M,TR,8,L,4.4,0,8.5,13,1,1,NA,1,0,NK.M.8,M.8.L
2011,NK,M,TR,8,L,5.5,0,12.1,12,4,5.25,NA,21,0,NK.M.8,M.8.L
2011,NK,M,TR,8,M,1.4,0,14.1,11,6,7,NA,42,0,NK.M.8,M.8.M
2011,NK,M,TR,8,M,2.2,0,14.6,22,4,8.5,NA,34,0,NK.M.8,M.8.M
2011,NK,M,TR,8,M,3.2,0,11.7,14,3,2.666666667,NA,8,0,NK.M.8,M.8.M
2011,NK,M,TR,8,M,3.5,0,8.2,10,2,2.5,NA,5,0,NK.M.8,M.8.M
2011,NK,M,TR,8,M,5.3,1,NA,17,6,8,7.4,45,2,NK.M.8,M.8.M
2012,NK,A1,TR,11,F,3.1,0,7,9,1,2,NA,2,0,NK.A1.11,A1.11.F
2012,NK,A1,TR,11,H,1.1,0,7.4,7,1,8,NA,8,0,NK.A1.11,A1.11.H
2012,NK,A1,TR,11,H,4.2,0,11.3,9,2,7.5,NA,15,0,NK.A1.11,A1.11.H
2012,NK,A1,TR,12,MT,4.3,0,7.5,9,3,7.666666667,NA,23,2,NK.A1.12,A1.12.MT
2012,NK,A1,TR,12,MT,5.4,0,NA,5,1,6.625,NA,7,0,NK.A1.12,A1.12.MT
2012,NK,A1,TR,13,M,3.1,0,8.2,7,1,3,NA,3,0,NK.A1.13,A1.13.M
2012,NK,A1,TR,14,F,5.3,0,8.8,10,1,1,NA,1,0,NK.A1.14,A1.14.F
2012,NK,A1,TR,15,H,5.4,0,11,9,2,8,NA,16,0,NK.A1.15,A1.15.H
2012,NK,A1,TR,15,MT,1.3,0,15.5,11,6,11.66666667,NA,70,0,NK.A1.15,A1.15.MT
2012,NK,A1,TR,15,MT,2.3,0,13,11,5,7.666666667,NA,38,0,NK.A1.15,A1.15.MT
2012,NK,A1,TR,15,MT,3.1,0,13.1,10,5,5,NA,25,10,NK.A1.15,A1.15.MT
2012,NK,A1,TR,15,MT,4.1,0,15.3,10,5,11.33333333,NA,57,10,NK.A1.15,A1.15.MT
2012,NK,A1,TR,15,MT,5.5,0,12.1,13,2,7,NA,14,12,NK.A1.15,A1.15.MT
2012,NK,A1,TR,16,F,3.1,0,19.6,22,3,7,NA,21,13,NK.A1.16,A1.16.F
2012,NK,A1,TR,16,F,5.3,0,9.9,9,2,0.5,NA,1,7,NK.A1.16,A1.16.F
2012,NK,A1,TR,16,MT,3.5,0,9,8,3,7,NA,21,9,NK.A1.16,A1.16.MT
2012,NK,A1,TR,17,H,1.4,0,5.4,8,1,3,NA,3,0,NK.A1.17,A1.17.H
2012,NK,A1,TR,17,H,4.1,0,NA,8,1,5,NA,5,0,NK.A1.17,A1.17.H
2012,NK,A1,TR,17,M,2.2,0,15.2,15,2,3,NA,6,0,NK.A1.17,A1.17.M
2012,NK,A1,TR,18,H,1.2,0,12.1,13,4,9,NA,36,0,NK.A1.18,A1.18.H
2012,NK,A1,TR,18,L,1.2,0,15.9,20,6,5.333333333,NA,32,0,NK.A1.18,A1.18.L
2012,NK,A1,TR,19,H,2.3,0,17.2,8,3,2,NA,6,3,NK.A1.19,A1.19.H
2012,NK,A1,TR,19,H,3.2,0,24,21,5,9.666666667,NA,48,0,NK.A1.19,A1.19.H
2012,NK,A1,TR,19,H,4.1,0,16.8,10,4,6,NA,24,5,NK.A1.19,A1.19.H
2012,NK,A1,TR,19,MT,2.1,0,NA,12,2,12,NA,24,1,NK.A1.19,A1.19.MT
2012,NK,A1,TR,20,H,5.2,0,17.8,11,6,7.5,NA,45,0,NK.A1.20,A1.20.H
2012,NK,A2,OTC,12,H,4.4,0,9.5,16,3,10.66666667,NA,32,0,NK.A2.12,A2.12.H
2012,NK,A2,OTC,12,H,5.3,0,14,11,4,8,NA,32,0,NK.A2.12,A2.12.H
2012,NK,A2,OTC,12,M,5.4,0,6.1,21,7,6,7,43,0,NK.A2.12,A2.12.M
2012,NK,A2,OTC,22,H,1.1,0,8,9,1,8,NA,8,0,NK.A2.22,A2.22.H
2012,NK,A2,OTC,22,H,5.3,0,7.2,8,1,3,NA,3,0,NK.A2.22,A2.22.H
2012,NK,A2,OTC,22,M,1.5,0,5,7,1,2,NA,2,2,NK.A2.22,A2.22.M
2012,NK,A2,TR,11,M,5.4,0,9,10,1,4,NA,4,0,NK.A2.11,A2.11.M
2012,NK,A2,TR,11,MT,1.1,0,6.8,9,2,6,NA,12,1,NK.A2.11,A2.11.MT
2012,NK,A2,TR,11,MT,2.1,0,7.8,29,5,12.25,NA,61,3.75,NK.A2.11,A2.11.MT
2012,NK,HE,OTC,12,H,1.1,0,11.4,11,4,9.5,NA,38,0,NK.HE.12,HE.12.H
2012,NK,HE,OTC,12,H,1.2,0,19,19,12,5.222222222,3.333333333,57,1,NK.HE.12,HE.12.H
2012,NK,HE,OTC,12,H,5.2,0,NA,10,4,9.25,NA,37,0,NK.HE.12,HE.12.H
2012,NK,HE,OTC,18,H,2.1,0,7.7,11,2,8.5,NA,17,0,NK.HE.18,HE.18.H
2012,NK,HE,OTC,18,H,3.1,0,15.2,12,5,10.2,NA,51,0,NK.HE.18,HE.18.H
2012,NK,HE,OTC,18,H,5.2,0,15,15,5,11.4,NA,57,0,NK.HE.18,HE.18.H
2012,NK,HE,OTC,18,M,2.2,0,9.8,10,2,8.5,NA,17,0,NK.HE.18,HE.18.M
2012,NK,HE,OTC,18,M,3.4,0,15,14,5,11,NA,55,0,NK.HE.18,HE.18.M
2012,NK,HE,OTC,20,H,1.5,0,12.3,12,3,9,NA,27,0,NK.HE.20,HE.20.H
2012,NK,HE,OTC,20,H,5.1,0,14.8,15,4,9.333333333,5,33,0,NK.HE.20,HE.20.H
2012,NK,HE,OTC,20,M,1.3,0,16.4,12,2,10,NA,20,0,NK.HE.20,HE.20.M
2012,NK,HE,OTC,20,M,1.4,0,17.8,14,4,11.25,NA,45,0,NK.HE.20,HE.20.M
2012,NK,HE,OTC,20,M,1.5,0,NA,19,8,11.66666667,8.5,87,3,NK.HE.20,HE.20.M
2012,NK,HE,OTC,20,M,2.2,0,NA,18,8,13.25,NA,106,0,NK.HE.20,HE.20.M
2012,NK,HE,OTC,20,M,2.5,0,23,19,5,12.6,NA,63,1,NK.HE.20,HE.20.M
2012,NK,HE,OTC,20,M,4.1,0,NA,21,9,14,10,110,0,NK.HE.20,HE.20.M
2012,NK,HE,OTC,20,M,5.1,0,13,10,3,7,NA,21,0,NK.HE.20,HE.20.M
2012,NK,HE,OTC,22,H,1.3,0,12,13,3,10,NA,30,4,NK.HE.22,HE.22.H
2012,NK,HE,OTC,22,H,4.1,0,15.7,11,4,9.5,NA,38,0,NK.HE.22,HE.22.H
2012,NK,HE,OTC,22,H,4.3,0,18.2,18,5,11.25,7,52,1,NK.HE.22,HE.22.H
2012,NK,HE,OTC,22,H,5.1,0,15.9,13,6,11.66666667,NA,70,0,NK.HE.22,HE.22.H
2012,NK,HE,OTC,22,H,5.3,0,NA,23,13,12.5,5.25,119,1.75,NK.HE.22,HE.22.H
2012,NK,HE,OTC,22,M,1.4,0,12.5,10,5,2.8,NA,14,19,NK.HE.22,HE.22.M
2012,NK,HE,OTC,22,M,2.3,0,10.5,12,1,3,NA,3,0,NK.HE.22,HE.22.M
2012,NK,HE,OTC,24,H,5.2,0,11.4,12,3,7,NA,21,0,NK.HE.24,HE.24.H
2012,NK,HE,OTC,26,H,2.3,0,15.5,11,3,9.333333333,NA,28,0,NK.HE.26,HE.26.H
2012,NK,HE,OTC,26,M,1.2,0,15,12,2,4,NA,8,0,NK.HE.26,HE.26.M
2012,NK,HE,OTC,26,M,2.2,0,13.3,12,2,11,NA,22,0,NK.HE.26,HE.26.M
2012,NK,HE,OTC,26,M,5.1,0,17.1,12,3,10.66666667,NA,32,1,NK.HE.26,HE.26.M
2012,NK,HE,OTC,30,H,1.2,0,NA,11,8,9.166666667,NA,73,0,NK.HE.30,HE.30.H
2012,NK,HE,OTC,30,H,1.3,0,13,14,2,7.5,NA,15,0,NK.HE.30,HE.30.H
2012,NK,HE,OTC,30,H,2.4,0,13,10,4,6.25,NA,25,1,NK.HE.30,HE.30.H
2012,NK,HE,OTC,30,H,3.3,0,20.7,17,7,9.857142857,NA,69,0,NK.HE.30,HE.30.H
2012,NK,HE,OTC,30,H,3.5,0,17.8,17,5,7.25,NA,36,0,NK.HE.30,HE.30.H
2012,NK,HE,OTC,30,H,4.2,0,NA,10,5,8.2,NA,41,0,NK.HE.30,HE.30.H
2012,NK,HE,OTC,30,H,4.5,0,NA,21,10,11,7.5,103,0,NK.HE.30,HE.30.H
2012,NK,HE,OTC,30,H,5.1,0,14.4,10,3,4.666666667,NA,14,1,NK.HE.30,HE.30.H
2012,NK,HE,OTC,30,H,5.5,0,NA,11,6,6.25,NA,38,0,NK.HE.30,HE.30.H
2012,NK,HE,OTC,30,M,1.2,0,8.4,15,3,14.66666667,NA,44,0,NK.HE.30,HE.30.M
2012,NK,HE,OTC,30,M,1.3,0,15.4,15,1,8,NA,8,0,NK.HE.30,HE.30.M
2012,NK,HE,OTC,30,M,1.5,0,18.5,15,5,13.33333333,NA,67,0,NK.HE.30,HE.30.M
2012,NK,HE,OTC,30,M,2.4,0,12.3,10,1,10,NA,10,1,NK.HE.30,HE.30.M
2012,NK,HE,OTC,30,M,3.5,0,11,8,2,8,NA,16,0,NK.HE.30,HE.30.M
2012,NK,HE,OTC,30,M,5.3,0,19.5,12,3,11.33333333,NA,34,0,NK.HE.30,HE.30.M
2012,NK,HE,TR,11,H,2.1,0,26,19,6,11.2,NA,67,0,NK.HE.11,HE.11.H
2012,NK,HE,TR,11,H,4.2,0,11,8,1,7,NA,7,0,NK.HE.11,HE.11.H
2012,NK,HE,TR,11,H,4.4,0,10.5,9,1,8,NA,8,0,NK.HE.11,HE.11.H
2012,NK,HE,TR,11,H,5.2,0,20,11,4,10,NA,40,0,NK.HE.11,HE.11.H
2012,NK,HE,TR,11,H,5.3,0,16.5,10,2,7.5,NA,15,0,NK.HE.11,HE.11.H
2012,NK,HE,TR,11,L,1.3,0,19,20,2,12,NA,24,0,NK.HE.11,HE.11.L
2012,NK,HE,TR,11,L,4.4,0,NA,20,7,5.2,NA,36,1.4,NK.HE.11,HE.11.L
2012,NK,HE,TR,11,M,2.5,0,NA,16,3,10,NA,30,0,NK.HE.11,HE.11.M
2012,NK,HE,TR,11,M,4.3,1,NA,16,7,4.285714286,NA,30,0,NK.HE.11,HE.11.M
2012,NK,HE,TR,11,MT,1.2,0,17.6,14,5,10.33333333,NA,52,0.833333333,NK.HE.11,HE.11.MT
2012,NK,HE,TR,11,MT,2.2,0,13,10,4,7.75,NA,31,0,NK.HE.11,HE.11.MT
2012,NK,HE,TR,11,MT,5.5,0,9.6,9,8,7.714285714,NA,62,2.285714286,NK.HE.11,HE.11.MT
2012,NK,HE,TR,13,HE,1.2,0,NA,13,3,4.666666667,NA,14,0,NK.HE.13,HE.13.HE
2012,NK,HE,TR,13,HE,3.5,0,12.3,12,2,6.5,NA,13,0,NK.HE.13,HE.13.HE
2012,NK,HE,TR,13,HE,4.2,0,18,22,5,8.8,NA,44,0,NK.HE.13,HE.13.HE
2012,NK,HE,TR,13,HE,4.3,0,16,17,4,8.25,NA,33,0,NK.HE.13,HE.13.HE
2012,NK,HE,TR,13,HE,5.5,0,12.4,12,3,10.33333333,NA,31,0,NK.HE.13,HE.13.HE
2012,NK,HE,TR,13,F,2.1,0,13.4,16,5,10.8,NA,54,0,NK.HE.13,HE.13.F
2012,NK,HE,TR,13,F,4.3,0,16.2,21,7,8,NA,56,0,NK.HE.13,HE.13.F
2012,NK,HE,TR,13,F,4.4,0,16.2,24,6,10.75,1,55,0,NK.HE.13,HE.13.F
2012,NK,HE,TR,13,H,2.2,0,19.5,24,8,7.75,4.5,56,0,NK.HE.13,HE.13.H
2012,NK,HE,TR,13,H,3.2,0,14.1,14,3,10,NA,30,0,NK.HE.13,HE.13.H
2012,NK,HE,TR,13,M,1.3,0,8.5,11,2,8,NA,16,0,NK.HE.13,HE.13.M
2012,NK,HE,TR,13,MT,2.4,0,7.5,14,2,13,NA,26,0,NK.HE.13,HE.13.MT
2012,NK,HE,TR,13,MT,4.4,0,11,12,3,8.333333333,NA,25,0,NK.HE.13,HE.13.MT
2012,NK,HE,TR,13,MT,5.1,0,16.2,19,8,7.8,NA,62,0,NK.HE.13,HE.13.MT
2012,NK,HE,TR,13,MT,5.3,0,NA,7,1,11,NA,11,0,NK.HE.13,HE.13.MT
2012,NK,HE,TR,15,H,4.1,0,12,11,4,7.5,NA,30,0,NK.HE.15,HE.15.H
2012,NK,HE,TR,15,M,5.1,0,17,16,7,10.2,NA,71,7,NK.HE.15,HE.15.M
2012,NK,HE,TR,17,HE,5.3,0,18.2,27,3,12.25,NA,37,0,NK.HE.17,HE.17.HE
2012,NK,HE,TR,17,HE,5.4,0,13,17,7,11,NA,77,0,NK.HE.17,HE.17.HE
2012,NK,HE,TR,17,F,1.1,0,9.4,14,1,6,NA,6,0,NK.HE.17,HE.17.F
2012,NK,HE,TR,17,F,3.1,1,NA,13,2,12,NA,24,0,NK.HE.17,HE.17.F
2012,NK,HE,TR,17,F,3.4,0,11.5,11,2,3,NA,6,0,NK.HE.17,HE.17.F
2012,NK,HE,TR,17,F,4.5,0,14.3,24,5,5.5,NA,28,0,NK.HE.17,HE.17.F
2012,NK,HE,TR,17,H,2.4,1,NA,15,2,NA,7,14,0,NK.HE.17,HE.17.H
2012,NK,HE,TR,17,H,3.3,0,6.2,9,1,8,NA,8,0,NK.HE.17,HE.17.H
2012,NK,HE,TR,17,H,3.4,0,17.7,18,7,12.2,NA,85,0,NK.HE.17,HE.17.H
2012,NK,HE,TR,17,H,5.3,0,9.8,11,3,7.333333333,NA,22,1,NK.HE.17,HE.17.H
2012,NK,HE,TR,17,H,5.5,0,20,14,13,5.75,NA,75,0,NK.HE.17,HE.17.H
2012,NK,HE,TR,17,L,3.4,0,15,22,8,12,NA,96,2,NK.HE.17,HE.17.L
2012,NK,HE,TR,17,L,5.4,0,14.5,17,5,12,NA,60,0,NK.HE.17,HE.17.L
2012,NK,HE,TR,17,M,2.3,0,15,16,6,11,NA,66,0,NK.HE.17,HE.17.M
2012,NK,HE,TR,17,M,2.4,0,7.8,11,2,5.5,NA,11,0,NK.HE.17,HE.17.M
2012,NK,HE,TR,17,M,4.1,0,NA,30,11,13.8,7,145,0,NK.HE.17,HE.17.M
2012,NK,HE,TR,17,M,5.2,0,11.3,12,4,10,NA,40,0,NK.HE.17,HE.17.M
2012,NK,HE,TR,17,M,5.5,0,10,10,3,9.666666667,NA,29,0,NK.HE.17,HE.17.M
2012,NK,HE,TR,17,MT,1.5,0,6.2,10,5,10.4,NA,52,1,NK.HE.17,HE.17.MT
2012,NK,HE,TR,17,MT,4.2,0,18.5,20,11,11.5,9,124,0,NK.HE.17,HE.17.MT
2012,NK,HE,TR,17,MT,5.5,0,15.1,13,6,11,NA,66,0,NK.HE.17,HE.17.MT
2012,NK,HE,TR,19,F,1.3,0,9,11,3,4,NA,12,0,NK.HE.19,HE.19.F
2012,NK,HE,TR,19,F,2.1,0,8,11,2,4.5,NA,9,0,NK.HE.19,HE.19.F
2012,NK,HE,TR,19,F,3.2,0,11.2,15,3,6.666666667,NA,20,1,NK.HE.19,HE.19.F
2012,NK,HE,TR,19,F,4.1,0,17,29,10,5.4,6.333333333,57,0,NK.HE.19,HE.19.F
2012,NK,HE,TR,19,F,4.2,0,NA,11,2,4,NA,8,0,NK.HE.19,HE.19.F
2012,NK,HE,TR,19,F,4.4,0,14.5,26,12,8.8,5.5,92,4.8,NK.HE.19,HE.19.F
2012,NK,HE,TR,19,F,4.5,0,18,33,12,4.166666667,8,73,3,NK.HE.19,HE.19.F
2012,NK,HE,TR,19,F,5.1,0,15.3,20,4,10.75,NA,43,0,NK.HE.19,HE.19.F
2012,NK,HE,TR,19,F,5.2,0,12.1,21,6,7.75,NA,46,0,NK.HE.19,HE.19.F
2012,NK,HE,TR,19,H,1.3,0,13,12,3,4.333333333,NA,13,7,NK.HE.19,HE.19.H
2012,NK,HE,TR,19,H,1.5,0,NA,13,4,9.75,NA,39,0,NK.HE.19,HE.19.H
2012,NK,HE,TR,19,H,2.2,0,14.3,20,7,7.6,NA,53,0,NK.HE.19,HE.19.H
2012,NK,HE,TR,19,H,2.4,0,14.6,17,6,9.5,NA,57,4,NK.HE.19,HE.19.H
2012,NK,HE,TR,19,H,3.1,0,10.3,12,5,4.25,NA,21,0,NK.HE.19,HE.19.H
2012,NK,HE,TR,19,H,3.4,0,10.6,18,3,10,NA,30,0,NK.HE.19,HE.19.H
2012,NK,HE,TR,19,H,3.5,0,11.5,16,7,13.66666667,7,82,0,NK.HE.19,HE.19.H
2012,NK,HE,TR,19,H,4.3,0,13.3,14,5,10.4,NA,52,0,NK.HE.19,HE.19.H
2012,NK,HE,TR,19,H,4.4,0,14,12,8,6,NA,48,0,NK.HE.19,HE.19.H
2012,NK,HE,TR,19,H,4.5,0,14.5,12,6,9.5,NA,57,0,NK.HE.19,HE.19.H
2012,NK,HE,TR,19,H,5.3,0,13.1,12,6,7.5,NA,45,0,NK.HE.19,HE.19.H
2012,NK,HE,TR,19,L,1.1,0,12,17,4,10.25,NA,41,0,NK.HE.19,HE.19.L
2012,NK,HE,TR,19,L,1.2,0,NA,10,1,6,NA,6,0,NK.HE.19,HE.19.L
2012,NK,HE,TR,19,L,2.2,0,8.8,13,4,10,NA,40,0,NK.HE.19,HE.19.L
2012,NK,HE,TR,19,L,2.3,0,NA,8,1,7,NA,7,0,NK.HE.19,HE.19.L
2012,NK,HE,TR,19,L,2.5,0,8.7,12,3,2.333333333,NA,7,0,NK.HE.19,HE.19.L
2012,NK,HE,TR,19,L,3.1,0,NA,12,1,2,NA,2,0,NK.HE.19,HE.19.L
2012,NK,HE,TR,19,L,3.5,0,10.8,14,4,8.75,NA,35,0,NK.HE.19,HE.19.L
2012,NK,HE,TR,19,L,4.1,0,14.3,24,11,11.6,2.5,109,0,NK.HE.19,HE.19.L
2012,NK,HE,TR,19,L,4.2,0,9.1,13,5,9.666666667,NA,48,1.666666667,NK.HE.19,HE.19.L
2012,NK,HE,TR,19,L,4.3,0,12.8,19,7,10.66666667,8,69,1.666666667,NK.HE.19,HE.19.L
2012,NK,HE,TR,19,L,5.1,0,15,19,6,9.5,NA,57,0,NK.HE.19,HE.19.L
2012,NK,HE,TR,19,L,5.5,0,NA,11,2,4,NA,8,0,NK.HE.19,HE.19.L
2012,NK,HE,TR,19,M,4.1,0,16,24,5,10.6,NA,53,0,NK.HE.19,HE.19.M
2012,NK,HE,TR,19,M,5.4,0,14,12,4,9.5,NA,38,0,NK.HE.19,HE.19.M
2012,NK,HE,TR,19,MT,5.4,0,14.4,11,10,7.777777778,NA,78,3.333333333,NK.HE.19,HE.19.MT
2012,NK,HE,TR,21,F,5.2,0,NA,27,15,5.444444444,8,97,0,NK.HE.21,HE.21.F
2012,NK,HE,TR,21,H,1.1,0,16.2,15,6,6.5,NA,39,0,NK.HE.21,HE.21.H
2012,NK,HE,TR,21,H,1.3,0,NA,13,8,13.6,NA,109,1.6,NK.HE.21,HE.21.H
2012,NK,HE,TR,21,H,2.2,0,NA,28,12,12.6,8.5,139,0,NK.HE.21,HE.21.H
2012,NK,HE,TR,21,H,2.3,0,23,22,15,8.75,10,135,0,NK.HE.21,HE.21.H
2012,NK,HE,TR,21,H,3.1,0,20.4,17,7,8.5,5.5,54,0,NK.HE.21,HE.21.H
2012,NK,HE,TR,21,H,3.2,0,21.5,19,9,12.6,NA,113,0,NK.HE.21,HE.21.H
2012,NK,HE,TR,21,H,4.1,0,NA,17,10,10,NA,100,0,NK.HE.21,HE.21.H
2012,NK,HE,TR,21,H,5.2,0,NA,17,8,9.8,NA,78,1.6,NK.HE.21,HE.21.H
2012,NK,HE,TR,21,L,3.4,0,10.7,17,3,8,NA,24,0,NK.HE.21,HE.21.L
2012,NK,HE,TR,21,L,3.5,0,8.9,16,1,8,NA,8,0,NK.HE.21,HE.21.L
2012,NK,HE,TR,21,M,5.3,0,9.9,10,3,1.75,NA,5,0,NK.HE.21,HE.21.M
2012,NK,HE,TR,21,M,5.5,0,12.2,18,1,7,NA,7,0,NK.HE.21,HE.21.M
2012,NK,HE,TR,21,MT,3.1,0,18.1,24,4,2.333333333,5.5,16,0,NK.HE.21,HE.21.MT
2012,NK,HE,TR,21,MT,3.4,0,11.4,19,1,6,NA,6,0,NK.HE.21,HE.21.MT
2012,NK,HE,TR,23,F,2.3,0,15.5,20,6,10.5,NA,63,2,NK.HE.23,HE.23.F
2012,NK,HE,TR,23,F,5.3,0,10,13,2,7.5,NA,15,0,NK.HE.23,HE.23.F
2012,NK,HE,TR,23,H,1.5,0,NA,21,13,8.428571429,1,102,0,NK.HE.23,HE.23.H
2012,NK,HE,TR,23,H,5.1,0,18,22,13,8.714285714,4,94,0,NK.HE.23,HE.23.H
2012,NK,HE,TR,23,L,1.2,0,15.4,21,4,9.75,NA,39,0,NK.HE.23,HE.23.L
2012,NK,HE,TR,23,L,2.1,0,9.5,14,1,15,NA,15,0,NK.HE.23,HE.23.L
2012,NK,HE,TR,23,L,3.4,0,14.5,20,7,8.2,NA,57,0,NK.HE.23,HE.23.L
2012,NK,HE,TR,23,L,4.1,0,10.4,11,5,8,NA,40,0,NK.HE.23,HE.23.L
2012,NK,HE,TR,23,L,4.2,0,15.7,23,7,11.4,NA,80,0,NK.HE.23,HE.23.L
2012,NK,HE,TR,23,L,5.1,0,17.2,28,8,9,0,54,13.5,NK.HE.23,HE.23.L
2012,NK,HE,TR,23,L,5.4,0,14.5,22,3,13,NA,39,0,NK.HE.23,HE.23.L
2012,NK,HE,TR,23,MT,3.2,0,8.1,10,3,4,NA,12,0,NK.HE.23,HE.23.MT
2012,NK,HE,TR,25,F,1.5,0,NA,11,3,6.333333333,NA,19,0,NK.HE.25,HE.25.F
2012,NK,HE,TR,25,F,5.2,0,8.3,17,2,9,NA,18,0,NK.HE.25,HE.25.F
2012,NK,HE,TR,25,F,5.4,0,13.4,23,3,3.333333333,NA,10,8,NK.HE.25,HE.25.F
2012,NK,HE,TR,25,H,2.5,0,11.2,12,3,9,NA,27,0,NK.HE.25,HE.25.H
2012,NK,HE,TR,25,H,4.3,0,11.4,10,3,6,NA,18,0,NK.HE.25,HE.25.H
2012,NK,HE,TR,25,H,4.4,0,17,18,5,11.75,NA,59,0,NK.HE.25,HE.25.H
2012,NK,HE,TR,25,L,3.4,0,7.5,11,1,4,NA,4,0,NK.HE.25,HE.25.L
2012,NK,HE,TR,25,L,4.5,0,10.1,21,2,6,NA,12,0,NK.HE.25,HE.25.L
2012,NK,HE,TR,25,L,5.4,0,15.8,13,5,11.4,NA,57,1,NK.HE.25,HE.25.L
2012,NK,HE,TR,25,M,2.4,1,NA,14,2,NA,6,12,0,NK.HE.25,HE.25.M
2012,NK,HE,TR,25,M,2.5,0,6.6,12,1,6,NA,6,0,NK.HE.25,HE.25.M
2012,NK,HE,TR,25,M,3.1,0,16,19,6,2.5,NA,15,61.5,NK.HE.25,HE.25.M
2012,NK,HE,TR,25,M,4.3,0,9.8,11,3,9,NA,27,0,NK.HE.25,HE.25.M
2012,NK,HE,TR,25,M,5.4,0,14.2,12,5,9.333333333,NA,47,1.666666667,NK.HE.25,HE.25.M
2012,NK,HE,TR,25,MT,4.1,0,NA,9,2,9,NA,18,0,NK.HE.25,HE.25.MT
2012,NK,HE,TR,27,HE,3.1,0,NA,29,16,7.333333333,8,123,0,NK.HE.27,HE.27.HE
2012,NK,HE,TR,27,HE,5.1,0,NA,20,8,11.8,NA,94,0,NK.HE.27,HE.27.HE
2012,NK,HE,TR,27,F,2.3,0,15.5,33,8,11.75,5.5,82,0,NK.HE.27,HE.27.F
2012,NK,HE,TR,27,F,4.2,0,12.5,23,3,9.333333333,NA,28,0,NK.HE.27,HE.27.F
2012,NK,HE,TR,27,F,5.4,0,18,25,3,12.5,6,31,0,NK.HE.27,HE.27.F
2012,NK,HE,TR,27,H,3.2,0,12.3,14,3,6,NA,18,0,NK.HE.27,HE.27.H
2012,NK,HE,TR,27,H,4.4,0,12.2,11,4,7,NA,28,0,NK.HE.27,HE.27.H
2012,NK,HE,TR,27,H,4.5,0,8.3,10,3,7.333333333,NA,22,8,NK.HE.27,HE.27.H
2012,NK,HE,TR,27,H,5.4,0,14.3,15,6,4.666666667,NA,28,20,NK.HE.27,HE.27.H
2012,NK,HE,TR,27,H,5.5,0,8,11,2,7,NA,14,0,NK.HE.27,HE.27.H
2012,NK,HE,TR,27,M,2.4,0,10,10,2,6,NA,12,12,NK.HE.27,HE.27.M
2012,NK,HE,TR,27,M,5.2,0,19.5,17,9,4.833333333,2,32,0,NK.HE.27,HE.27.M
2012,NK,HE,TR,29,HE,1.4,0,18.5,17,7,11.5,NA,80,1.75,NK.HE.29,HE.29.HE
2012,NK,HE,TR,29,F,2.2,0,14,22,5,10,NA,50,2.5,NK.HE.29,HE.29.F
2012,NK,HE,TR,29,F,3.1,0,12.3,17,6,3.25,0,16,0,NK.HE.29,HE.29.F
2012,NK,HE,TR,29,H,1.1,0,9.6,11,4,7.25,NA,29,0,NK.HE.29,HE.29.H
2012,NK,HE,TR,29,H,1.4,0,9.8,11,2,8,NA,16,0,NK.HE.29,HE.29.H
2012,NK,HE,TR,29,H,4.5,0,13.2,16,5,11.5,NA,58,0,NK.HE.29,HE.29.H
2012,NK,HE,TR,29,L,1.5,0,8,12,2,5,NA,10,0,NK.HE.29,HE.29.L
2012,NK,HE,TR,29,L,2.4,0,7,11,2,5.5,NA,11,1,NK.HE.29,HE.29.L
2012,NK,HE,TR,29,L,3.4,0,12.7,14,4,9.6,NA,38,0,NK.HE.29,HE.29.L
2012,NK,HE,TR,29,M,1.5,0,15.8,11,3,11,NA,33,0,NK.HE.29,HE.29.M
2012,NK,HE,TR,29,M,3.1,0,11,13,2,10.5,NA,21,0,NK.HE.29,HE.29.M
2012,NK,HE,TR,29,M,3.5,0,NA,15,8,9.6,NA,77,0,NK.HE.29,HE.29.M
2012,NK,HE,TR,29,MT,5.5,0,9.7,21,5,8.6,NA,43,0,NK.HE.29,HE.29.MT
2012,NK,L,TR,11,L,2.5,0,NA,22,15,5.545454545,NA,83,6.818181818,NK.L.11,L.11.L
2012,NK,L,TR,12,H,1.1,0,10.8,10,3,0.333333333,NA,1,3,NK.L.12,L.12.H
2012,NK,L,TR,12,H,1.2,0,20,15,5,1.333333333,NA,7,0,NK.L.12,L.12.H
2012,NK,L,TR,12,H,1.3,0,14,14,4,2.25,NA,9,1,NK.L.12,L.12.H
2012,NK,L,TR,12,M,5.5,0,16.6,13,6,8.5,NA,51,0,NK.L.12,L.12.M
2012,NK,L,TR,15,H,5.2,1,NA,24,11,NA,6.636363636,73,0,NK.L.15,L.15.H
2012,NK,L,TR,15,H,5.5,0,NA,26,12,5.8,2.25,55,0,NK.L.15,L.15.H
2012,NK,L,TR,15,L,3.3,1,NA,NA,2,16,10,20,0,NK.L.15,L.15.L
2012,NK,L,TR,15,L,5.4,1,NA,NA,5,NA,1,5,5,NK.L.15,L.15.L
2012,NK,L,TR,16,L,3.4,0,NA,22,8,9.666666667,NA,77,1.333333333,NK.L.16,L.16.L
2012,NK,M,OTC,12,H,2.1,1,NA,5,1,3,NA,3,0,NK.M.12,M.12.H
2012,NK,M,OTC,12,H,2.3,0,NA,16,8,4.333333333,6,38,0,NK.M.12,M.12.H
2012,NK,M,OTC,12,H,3.4,0,12.8,10,3,8,NA,24,0,NK.M.12,M.12.H
2012,NK,M,OTC,12,H,3.5,0,8.7,9,1,7,NA,7,0,NK.M.12,M.12.H
2012,NK,M,OTC,12,H,4.1,0,21.5,11,5,1.2,NA,6,0,NK.M.12,M.12.H
2012,NK,M,OTC,12,H,4.3,0,6.7,7,1,4,NA,4,0,NK.M.12,M.12.H
2012,NK,M,OTC,12,M,1.4,0,6.5,6,1,4,NA,4,0,NK.M.12,M.12.M
2012,NK,M,OTC,12,M,2.2,0,13.5,9,2,6,NA,12,0,NK.M.12,M.12.M
2012,NK,M,OTC,12,M,3.2,0,15,9,3,10.33333333,NA,31,0,NK.M.12,M.12.M
2012,NK,M,OTC,12,M,3.5,0,10,9,1,4,NA,4,0,NK.M.12,M.12.M
2012,NK,M,OTC,14,H,5.4,1,15,18,1,NA,5,5,0,NK.M.14,M.14.H
2012,NK,M,OTC,14,M,1.5,0,15,10,2,5,NA,10,0,NK.M.14,M.14.M
2012,NK,M,OTC,14,M,3.5,1,NA,18,4,2,5.666666667,19,0,NK.M.14,M.14.M
2012,NK,M,OTC,16,H,4.3,0,15.3,12,5,1.2,NA,6,12,NK.M.16,M.16.H
2012,NK,M,OTC,16,H,5.2,0,15.2,10,4,2,NA,8,0,NK.M.16,M.16.H
2012,NK,M,OTC,16,M,1.1,0,10.7,11,3,6,NA,18,3,NK.M.16,M.16.M
2012,NK,M,OTC,16,M,2.3,0,11.4,8,2,5.5,NA,11,0,NK.M.16,M.16.M
2012,NK,M,OTC,16,M,2.5,0,20.1,21,9,0,7,14,7,NK.M.16,M.16.M
2012,NK,M,OTC,16,M,4.1,0,16,10,4,6.5,NA,26,1,NK.M.16,M.16.M
2012,NK,M,OTC,16,M,4.2,0,9.3,10,2,6,NA,12,0,NK.M.16,M.16.M
2012,NK,M,OTC,22,H,2.5,1,NA,NA,5,NA,5,25,3.333333333,NK.M.22,M.22.H
2012,NK,M,OTC,22,H,3.5,0,NA,35,12,5.4,9.5,89,10.8,NK.M.22,M.22.H
2012,NK,M,OTC,22,H,4.5,0,NA,20,8,3.333333333,NA,27,0,NK.M.22,M.22.H
2012,NK,M,OTC,26,H,1.2,0,NA,24,15,12,9,165,12,NK.M.26,M.26.H
2012,NK,M,OTC,26,H,3.5,0,17.1,27,4,9.25,NA,37,4,NK.M.26,M.26.H
2012,NK,M,OTC,28,H,2.2,0,NA,17,7,3,NA,21,2.8,NK.M.28,M.28.H
2012,NK,M,OTC,28,H,4.1,0,19,13,6,5.5,NA,33,0,NK.M.28,M.28.H
2012,NK,M,OTC,28,H,5.5,0,NA,23,12,6.416666667,10.66666667,90,0,NK.M.28,M.28.H
2012,NK,M,OTC,28,M,4.3,0,22.5,22,5,6.2,NA,31,6,NK.M.28,M.28.M
2012,NK,M,OTC,28,M,5.4,0,20,14,3,3.333333333,NA,10,3,NK.M.28,M.28.M
2012,NK,M,OTC,30,H,1.2,0,NA,25,27,4.777777778,6.833333333,154,1.666666667,NK.M.30,M.30.H
2012,NK,M,OTC,30,H,1.4,0,NA,12,7,6.571428571,NA,46,2,NK.M.30,M.30.H
2012,NK,M,OTC,30,H,3.2,1,20.2,11,8,NA,4.6,37,0,NK.M.30,M.30.H
2012,NK,M,OTC,30,H,3.3,0,NA,24,13,9,7,115,0,NK.M.30,M.30.H
2012,NK,M,OTC,30,H,4.4,0,NA,17,8,8.833333333,NA,71,1.333333333,NK.M.30,M.30.H
2012,NK,M,OTC,30,H,5.2,1,16.5,9,3,2.333333333,NA,7,0,NK.M.30,M.30.H
2012,NK,M,OTC,30,H,5.3,0,NA,29,20,13,10.2,238,0,NK.M.30,M.30.H
2012,NK,M,OTC,30,M,2.5,0,14,12,3,1,NA,3,0,NK.M.30,M.30.M
2012,NK,M,OTC,30,M,4.1,1,NA,NA,19,13,12,229,0,NK.M.30,M.30.M
2012,NK,M,TR,11,H,1.5,0,10.2,8,6,5.8,NA,35,0,NK.M.11,M.11.H
2012,NK,M,TR,11,M,1.2,0,7.5,8,2,5.5,NA,11,0,NK.M.11,M.11.M
2012,NK,M,TR,11,M,2.1,0,11.1,11,3,4.666666667,NA,14,9,NK.M.11,M.11.M
2012,NK,M,TR,13,H,1.4,0,NA,21,9,8.285714286,10.66666667,77,0,NK.M.13,M.13.H
2012,NK,M,TR,13,H,2.1,0,NA,21,12,4.428571429,1.333333333,44,11.28571429,NK.M.13,M.13.H
2012,NK,M,TR,13,H,2.3,0,NA,25,10,9.6,8,93,0,NK.M.13,M.13.H
2012,NK,M,TR,13,H,4.4,0,NA,29,18,7.4,6.833333333,129,0,NK.M.13,M.13.H
2012,NK,M,TR,13,H,5.2,0,NA,16,10,9.25,NA,92,0,NK.M.13,M.13.H
2012,NK,M,TR,13,H,5.4,0,NA,23,10,1.428571429,0,10,41,NK.M.13,M.13.H
2012,NK,M,TR,13,L,1.2,0,NA,12,8,13,NA,104,4,NK.M.13,M.13.L
2012,NK,M,TR,13,L,4.2,0,NA,13,8,1.2,NA,10,0,NK.M.13,M.13.L
2012,NK,M,TR,13,M,1.1,0,NA,25,21,12.5,10,240,0,NK.M.13,M.13.M
2012,NK,M,TR,13,M,2.3,0,18,10,3,5.333333333,NA,16,0,NK.M.13,M.13.M
2012,NK,M,TR,13,M,2.5,0,NA,16,6,9,NA,54,0,NK.M.13,M.13.M
2012,NK,M,TR,13,M,3.4,0,NA,28,6,8.666666667,NA,52,24,NK.M.13,M.13.M
2012,NK,M,TR,13,M,4.2,0,10.5,8,1,2,NA,2,0,NK.M.13,M.13.M
2012,NK,M,TR,13,M,4.4,0,16,11,4,10.75,NA,43,0,NK.M.13,M.13.M
2012,NK,M,TR,13,M,5.1,0,11.2,11,2,5.5,NA,11,0,NK.M.13,M.13.M
2012,NK,M,TR,13,M,5.4,0,21,11,5,11.33333333,NA,57,0,NK.M.13,M.13.M
2012,NK,M,TR,13,M,5.5,0,15.3,12,3,8.4,NA,25,1.8,NK.M.13,M.13.M
2012,NK,M,TR,15,L,1.5,0,NA,18,9,12,NA,108,0,NK.M.15,M.15.L
2012,NK,M,TR,15,L,3.1,1,NA,NA,7,5.5,11,72,0,NK.M.15,M.15.L
2012,NK,M,TR,15,L,5.2,0,NA,23,8,6,12,54,0,NK.M.15,M.15.L
2012,NK,M,TR,15,M,1.2,0,11.9,9,2,3.5,NA,7,0,NK.M.15,M.15.M
2012,NK,M,TR,15,M,3.2,0,10.6,9,1,1,NA,1,0,NK.M.15,M.15.M
2012,NK,M,TR,21,H,1.1,0,11,8,6,4.833333333,NA,29,1,NK.M.21,M.21.H
2012,NK,M,TR,21,H,4.4,0,NA,10,2,2.5,NA,5,0,NK.M.21,M.21.H
2012,NK,M,TR,23,H,1.5,0,21.5,18,3,13.66666667,NA,41,0,NK.M.23,M.23.H
2012,NK,M,TR,23,L,1.5,1,NA,NA,6,NA,9.333333333,56,0,NK.M.23,M.23.L
2012,NK,M,TR,23,L,2.4,1,17.8,24,6,6.5,9.666666667,48,10.5,NK.M.23,M.23.L
2012,NK,M,TR,23,L,2.5,1,NA,20,8,13,9,72,0,NK.M.23,M.23.L
2012,NK,M,TR,23,L,3.4,0,18.1,18,6,9.142857143,NA,55,0,NK.M.23,M.23.L
2012,NK,M,TR,23,L,4.3,0,18.7,20,7,7.166666667,NA,50,0,NK.M.23,M.23.L
2012,NK,M,TR,23,L,5.2,1,NA,NA,5,10.6,8,40,0,NK.M.23,M.23.L
2012,NK,M,TR,23,L,5.4,0,14.2,13,6,8,NA,48,1,NK.M.23,M.23.L
2012,NK,M,TR,23,L,5.5,0,11.8,10,4,9,NA,36,0,NK.M.23,M.23.L
2012,NK,M,TR,25,H,1.4,0,19,20,7,7,NA,49,0,NK.M.25,M.25.H
2012,NK,M,TR,25,L,4.3,0,NA,39,28,10.2,11.16666667,300,12.5,NK.M.25,M.25.L
2012,NK,M,TR,27,L,3.1,0,18,10,8,8.6,NA,69,0,NK.M.27,M.27.L
2012,NK,M,TR,27,L,3.2,0,13.8,16,2,11,NA,22,0,NK.M.27,M.27.L
2012,NK,M,TR,27,L,3.4,0,NA,21,9,9.75,12,90,0,NK.M.27,M.27.L
2012,NK,M,TR,27,L,3.5,0,22.4,20,13,6.777777778,4,83,3.666666667,NK.M.27,M.27.L
2012,NK,M,TR,27,L,5.4,0,NA,27,23,12.2,10.5,264,10.3,NK.M.27,M.27.L
2012,NK,M,TR,27,L,5.5,0,NA,21,8,10.5,NA,84,2,NK.M.27,M.27.L
2012,NK,M,TR,27,M,1.1,0,NA,30,11,13,10.33333333,143,0,NK.M.27,M.27.M
2012,NK,M,TR,27,M,1.3,0,NA,16,5,1.6,NA,8,0,NK.M.27,M.27.M
2012,NK,M,TR,27,M,3.2,0,17.5,12,5,3.6,NA,18,0,NK.M.27,M.27.M
2012,NK,M,TR,27,M,4.5,0,19,20,11,3.125,3,34,1.75,NK.M.27,M.27.M
2012,NK,M,TR,29,H,2.1,0,18.1,12,7,1.8,NA,13,14,NK.M.29,M.29.H
2012,NK,M,TR,29,H,2.3,0,15,10,6,3.75,NA,22,4.5,NK.M.29,M.29.H
2012,NK,M,TR,29,H,4.5,0,10.3,9,3,4.666666667,NA,14,0,NK.M.29,M.29.H
2012,NK,M,TR,29,H,5.2,0,12.5,10,4,4,NA,16,1,NK.M.29,M.29.H
2012,NK,M,TR,29,L,1.2,0,10.5,8,2,3,NA,6,0,NK.M.29,M.29.L
2012,NK,M,TR,29,L,2.1,0,12.1,16,1,1,NA,1,0,NK.M.29,M.29.L
2012,NK,M,TR,29,L,4.2,0,11.2,17,6,1.666666667,NA,10,15,NK.M.29,M.29.L
2012,NK,M,TR,29,M,2.1,0,18.5,14,8,5.75,0,40,22,NK.M.29,M.29.M
2012,NK,M,TR,29,M,3.1,0,22.5,11,10,0,3,6,33,NK.M.29,M.29.M
2013,NK,A2,TR,35,F,2.1,0,6.2,10,2,6.5,NA,13,4,NK.A2.35,A2.35.F
2013,NK,A2,TR,35,H,4.3,0,8.4,10,3,7,NA,21,7.5,NK.A2.35,A2.35.H
2013,NK,A2,TR,37,HE,3.5,0,10.2,8,4,9,NA,36,4,NK.A2.37,A2.37.HE
2013,NK,A2,TR,37,MT,5.4,0,13,16,8,13.14285714,NA,105,1.142857143,NK.A2.37,A2.37.MT
2013,NK,A2,TR,39,H,4.4,0,11,9,1,7,NA,7,0,NK.A2.39,A2.39.H
2013,NK,A2,TR,39,M,5.2,0,14.5,11,3,2,NA,6,15,NK.A2.39,A2.39.M
2013,NK,A2,TR,39,MT,2.2,0,7,10,1,13.14285714,NA,13,0,NK.A2.39,A2.39.MT
2013,NK,A2,OTC,42,MT,1.1,0,7,8,1,12,NA,12,1,NK.A2.42,A2.42.MT
2013,NK,A2,OTC,42,MT,3.1,0,NA,7,3,5.333333333,NA,16,0,NK.A2.42,A2.42.MT
2013,NK,A2,OTC,46,H,2.3,0,7,8,2,1,NA,2,12,NK.A2.46,A2.46.H
2013,NK,A2,OTC,46,MT,1.2,0,5,8,1,12,NA,12,0,NK.A2.46,A2.46.MT
2013,NK,A2,OTC,46,MT,1.3,0,NA,9,2,7.5,NA,15,5,NK.A2.46,A2.46.MT
2013,NK,A2,TR,47,M,5.5,0,7.4,10,3,2.666666667,NA,8,0,NK.A2.47,A2.47.M
2013,NK,A2,OTC,48,M,1.4,0,7,7,2,8,NA,16,0,NK.A2.48,A2.48.M
2013,NK,A2,OTC,48,M,5.1,0,6.6,9,1,9,NA,9,0,NK.A2.48,A2.48.M
2013,NK,A2,OTC,48,MT,1.2,0,NA,8,4,8.25,NA,33,0,NK.A2.48,A2.48.MT
2013,NK,A2,OTC,48,MT,1.5,0,4.1,8,2,6,NA,12,0,NK.A2.48,A2.48.MT
2013,NK,A2,OTC,48,MT,3.2,0,NA,7,3,5.5,NA,16,0,NK.A2.48,A2.48.MT
2013,NK,A2,OTC,48,MT,3.4,0,NA,7,1,6,NA,6,0,NK.A2.48,A2.48.MT
2013,NK,HE,TR,31,HE,1.2,0,9.7,9,3,3,NA,9,0,NK.HE.31,HE.31.HE
2013,NK,HE,TR,31,HE,2.4,0,14,11,3,6.333333333,NA,19,0,NK.HE.31,HE.31.HE
2013,NK,HE,TR,31,HE,3.1,0,9.6,14,3,6.333333333,NA,19,0,NK.HE.31,HE.31.HE
2013,NK,HE,TR,31,HE,4.1,0,15.8,13,6,7.8,NA,47,0,NK.HE.31,HE.31.HE
2013,NK,HE,TR,31,F,3.2,0,NA,11,2,4,NA,8,0,NK.HE.31,HE.31.F
2013,NK,HE,TR,31,F,5.1,1,8,7,2,NA,5.5,11,2,NK.HE.31,HE.31.F
2013,NK,HE,TR,31,H,2.5,0,18.2,17,8,14,11,109,0,NK.HE.31,HE.31.H
2013,NK,HE,TR,31,H,4.4,0,17.6,12,7,11,NA,77,3.5,NK.HE.31,HE.31.H
2013,NK,HE,TR,31,L,1.1,0,17.2,14,5,13.5,NA,68,2.5,NK.HE.31,HE.31.L
2013,NK,HE,TR,31,L,1.2,0,16.1,17,3,10.33333333,NA,31,1,NK.HE.31,HE.31.L
2013,NK,HE,TR,31,L,1.3,0,18.6,14,6,11.33333333,NA,68,0,NK.HE.31,HE.31.L
2013,NK,HE,TR,31,L,1.4,0,12.7,15,4,11,NA,44,1,NK.HE.31,HE.31.L
2013,NK,HE,TR,31,L,2.3,0,NA,23,8,11,NA,88,16,NK.HE.31,HE.31.L
2013,NK,HE,TR,31,L,4.1,0,NA,18,5,11.66666667,NA,58,0,NK.HE.31,HE.31.L
2013,NK,HE,TR,31,L,4.5,0,10.2,12,2,5.5,NA,11,0,NK.HE.31,HE.31.L
2013,NK,HE,TR,31,M,1.3,0,16.6,14,5,11,NA,55,0,NK.HE.31,HE.31.M
2013,NK,HE,TR,31,M,2.4,1,8.4,14,2,NA,5,10,1,NK.HE.31,HE.31.M
2013,NK,HE,TR,31,M,4.4,0,9.2,11,1,12,NA,12,0,NK.HE.31,HE.31.M
2013,NK,HE,TR,31,MT,1.2,0,NA,17,8,10.33333333,13,88,2,NK.HE.31,HE.31.MT
2013,NK,HE,TR,31,MT,2.3,0,NA,15,8,11.25,NA,90,4,NK.HE.31,HE.31.MT
2013,NK,HE,TR,31,MT,4.4,0,18.1,36,12,12.75,4.75,121,13,NK.HE.31,HE.31.MT
2013,NK,HE,OTC,32,H,1.1,0,17.2,21,5,12.4,NA,62,0,NK.HE.32,HE.32.H
2013,NK,HE,OTC,32,H,1.5,0,16.5,11,6,10.66666667,NA,64,0,NK.HE.32,HE.32.H
2013,NK,HE,OTC,32,H,2.4,0,14.5,10,2,10,NA,20,0,NK.HE.32,HE.32.H
2013,NK,HE,OTC,32,H,2.5,0,NA,13,5,14,NA,70,2.5,NK.HE.32,HE.32.H
2013,NK,HE,OTC,32,H,3.1,0,26.2,23,16,13.66666667,8,185,0,NK.HE.32,HE.32.H
2013,NK,HE,OTC,32,H,3.3,0,14.7,10,2,10,NA,20,0,NK.HE.32,HE.32.H
2013,NK,HE,OTC,32,H,3.5,0,NA,17,6,10,NA,60,1.5,NK.HE.32,HE.32.H
2013,NK,HE,OTC,32,H,5.4,0,21,17,3,11,9,31,1,NK.HE.32,HE.32.H
2013,NK,HE,OTC,32,M,1.2,0,19.5,12,9,11.66666667,NA,105,0,NK.HE.32,HE.32.M
2013,NK,HE,OTC,32,M,1.4,0,NA,22,8,10.5,NA,84,0,NK.HE.32,HE.32.M
2013,NK,HE,OTC,32,M,2.3,0,NA,10,2,10.5,NA,21,0,NK.HE.32,HE.32.M
2013,NK,HE,OTC,32,M,5.3,0,23,14,7,13.5,NA,94,0,NK.HE.32,HE.32.M
2013,NK,HE,OTC,32,M,5.5,0,12.7,10,2,5,NA,10,0,NK.HE.32,HE.32.M
2013,NK,HE,OTC,32,MT,1.1,0,NA,18,11,12.16666667,NA,134,5.5,NK.HE.32,HE.32.MT
2013,NK,HE,OTC,32,MT,1.3,0,16.2,22,12,13,9.166666667,133,1,NK.HE.32,HE.32.MT
2013,NK,HE,OTC,32,MT,2.2,0,NA,20,12,10.5,10,125,10,NK.HE.32,HE.32.MT
2013,NK,HE,OTC,32,MT,3.5,0,15.3,11,5,9.5,NA,48,0,NK.HE.32,HE.32.MT
2013,NK,HE,OTC,32,MT,4.5,0,NA,22,12,13.5,9.5,130,2,NK.HE.32,HE.32.MT
2013,NK,HE,OTC,32,MT,5.5,0,11,12,6,7.2,NA,43,1.2,NK.HE.32,HE.32.MT
2013,NK,HE,TR,33,HE,2.5,0,10.7,11,2,3,NA,6,0,NK.HE.33,HE.33.HE
2013,NK,HE,TR,33,HE,3.3,0,12.6,10,3,8.333333333,NA,25,0,NK.HE.33,HE.33.HE
2013,NK,HE,TR,33,HE,4.2,0,16.5,11,4,11.5,NA,46,2,NK.HE.33,HE.33.HE
2013,NK,HE,TR,33,HE,5.5,0,17.4,11,7,10,NA,70,0,NK.HE.33,HE.33.HE
2013,NK,HE,TR,33,H,1.3,0,12.5,24,5,3,NA,15,3,NK.HE.33,HE.33.H
2013,NK,HE,TR,33,H,5.4,0,14,11,6,6.5,NA,39,0,NK.HE.33,HE.33.H
2013,NK,HE,TR,33,L,5.5,0,14.2,29,7,7.5,NA,52,0,NK.HE.33,HE.33.L
2013,NK,HE,TR,33,MT,1.4,0,13.5,10,4,10.33333333,NA,41,0,NK.HE.33,HE.33.MT
2013,NK,HE,TR,33,MT,2.2,0,16.5,17,7,14,0,84,0,NK.HE.33,HE.33.MT
2013,NK,HE,TR,33,MT,4.5,0,11.7,18,4,12,9.5,43,2,NK.HE.33,HE.33.MT
2013,NK,HE,TR,33,MT,5.4,0,17,11,6,5.5,NA,33,4.5,NK.HE.33,HE.33.MT
2013,NK,HE,TR,33,MT,5.5,0,NA,11,11,10.71428571,NA,118,11,NK.HE.33,HE.33.MT
2013,NK,HE,OTC,34,H,3.3,0,19,11,3,11,NA,33,0,NK.HE.34,HE.34.H
2013,NK,HE,OTC,34,H,3.5,0,12.4,10,1,8,NA,8,0,NK.HE.34,HE.34.H
2013,NK,HE,OTC,34,H,4.1,0,13.4,9,2,6.5,NA,13,0,NK.HE.34,HE.34.H
2013,NK,HE,OTC,34,H,5.2,0,14.5,10,2,4.5,NA,9,0,NK.HE.34,HE.34.H
2013,NK,HE,OTC,34,M,1.5,0,NA,10,5,11.66666667,NA,58,0,NK.HE.34,HE.34.M
2013,NK,HE,OTC,34,M,3.4,0,NA,19,5,13,NA,65,0,NK.HE.34,HE.34.M
2013,NK,HE,OTC,34,M,4.3,0,10.8,7,2,3.5,NA,7,0,NK.HE.34,HE.34.M
2013,NK,HE,OTC,34,MT,2.1,0,12.6,8,2,11,NA,22,0,NK.HE.34,HE.34.MT
2013,NK,HE,OTC,34,MT,3.2,0,10.4,9,1,9,NA,9,0,NK.HE.34,HE.34.MT
2013,NK,HE,OTC,34,MT,3.4,0,NA,29,7,11.4,NA,80,1.4,NK.HE.34,HE.34.MT
2013,NK,HE,OTC,34,MT,4.3,0,17.8,18,6,9.6,NA,58,0,NK.HE.34,HE.34.MT
2013,NK,HE,OTC,34,MT,5.1,0,16.2,16,5,12.33333333,NA,62,1.666666667,NK.HE.34,HE.34.MT
2013,NK,HE,OTC,34,MT,5.2,0,NA,29,11,10.25,NA,113,8.25,NK.HE.34,HE.34.MT
2013,NK,HE,TR,35,HE,2.5,0,10.9,8,2,10.5,NA,21,0,NK.HE.35,HE.35.HE
2013,NK,HE,TR,35,F,2.5,0,19,19,6,10.6,7,64,1.2,NK.HE.35,HE.35.F
2013,NK,HE,TR,35,H,1.1,0,15.8,17,5,12.66666667,NA,63,0,NK.HE.35,HE.35.H
2013,NK,HE,TR,35,H,1.4,0,11.8,11,3,4,NA,12,0,NK.HE.35,HE.35.H
2013,NK,HE,TR,35,H,1.5,0,20,13,4,8.666666667,NA,35,1.333333333,NK.HE.35,HE.35.H
2013,NK,HE,TR,35,H,2.3,0,NA,12,4,8.666666667,NA,35,5.333333333,NK.HE.35,HE.35.H
2013,NK,HE,TR,35,H,3.3,0,16.3,13,4,10.33333333,NA,41,2.666666667,NK.HE.35,HE.35.H
2013,NK,HE,TR,35,H,5.1,0,15.5,12,7,8,NA,56,1.75,NK.HE.35,HE.35.H
2013,NK,HE,TR,35,L,2.4,0,11.1,14,4,6.666666667,NA,27,1.333333333,NK.HE.35,HE.35.L
2013,NK,HE,TR,35,L,5.1,1,11.2,21,3,NA,5.666666667,17,9,NK.HE.35,HE.35.L
2013,NK,HE,TR,35,M,1.3,0,NA,21,14,12.66666667,7.5,162,0,NK.HE.35,HE.35.M
2013,NK,HE,TR,35,MT,1.1,0,NA,34,13,12.66666667,4.166666667,88,4.333333333,NK.HE.35,HE.35.MT
2013,NK,HE,TR,35,MT,3.4,1,19,23,9,12.5,12,110,7,NK.HE.35,HE.35.MT
2013,NK,HE,TR,35,MT,3.5,0,13.5,14,6,10.66666667,NA,64,2,NK.HE.35,HE.35.MT
2013,NK,HE,TR,35,MT,4.5,0,16.8,27,14,8.5,1.5,105,0,NK.HE.35,HE.35.MT
2013,NK,HE,TR,35,MT,5.4,0,16.6,25,18,13.33333333,12.5,232,10.33333333,NK.HE.35,HE.35.MT
2013,NK,HE,TR,35,MT,5.5,0,12.9,8,3,12,NA,36,1.5,NK.HE.35,HE.35.MT
2013,NK,HE,OTC,36,H,3.4,0,11.1,10,2,10,NA,20,0,NK.HE.36,HE.36.H
2013,NK,HE,OTC,36,MT,3.5,0,15,11,6,12.75,NA,76,0,NK.HE.36,HE.36.MT
2013,NK,HE,OTC,36,MT,5.4,0,15.7,13,3,9.666666667,NA,29,5,NK.HE.36,HE.36.MT
2013,NK,HE,TR,37,HE,1.2,0,NA,18,10,13,NA,130,0,NK.HE.37,HE.37.HE
2013,NK,HE,TR,37,HE,1.5,0,14.2,10,4,12.25,NA,49,0,NK.HE.37,HE.37.HE
2013,NK,HE,TR,37,HE,3.5,0,18.6,19,7,11.4,NA,80,0,NK.HE.37,HE.37.HE
2013,NK,HE,TR,37,HE,4.3,0,NA,18,8,12,6,90,0,NK.HE.37,HE.37.HE
2013,NK,HE,TR,37,F,4.2,1,12,5,5,NA,12.66666667,63,0,NK.HE.37,HE.37.F
2013,NK,HE,TR,37,H,3.3,0,15.5,17,9,11,1,89,0,NK.HE.37,HE.37.H
2013,NK,HE,TR,37,H,4.5,0,18.6,17,8,10,9,79,5.25,NK.HE.37,HE.37.H
2013,NK,HE,TR,37,L,2.2,1,14,27,3,10.75,0,22,1,NK.HE.37,HE.37.L
2013,NK,HE,TR,37,L,5.2,0,7.9,11,3,9,NA,27,1,NK.HE.37,HE.37.L
2013,NK,HE,TR,37,M,1.3,1,13,6,5,NA,8,40,1.666666667,NK.HE.37,HE.37.M
2013,NK,HE,TR,37,M,2.5,0,15.1,15,5,10.66666667,NA,53,0,NK.HE.37,HE.37.M
2013,NK,HE,TR,37,M,3.2,0,14.2,10,3,12.66666667,NA,38,0,NK.HE.37,HE.37.M
2013,NK,HE,TR,37,M,4.3,0,NA,19,10,12.25,4,106,0,NK.HE.37,HE.37.M
2013,NK,HE,TR,37,M,5.4,0,11,10,3,5.333333333,NA,16,0,NK.HE.37,HE.37.M
2013,NK,HE,TR,37,MT,1.5,0,16.6,29,16,12.8,7.25,160,2,NK.HE.37,HE.37.MT
2013,NK,HE,TR,37,MT,3.1,0,NA,18,14,11,13.5,162,18.33333333,NK.HE.37,HE.37.MT
2013,NK,HE,TR,37,MT,4.1,0,20.3,17,7,12.33333333,14,88,2,NK.HE.37,HE.37.MT
2013,NK,HE,OTC,38,H,3.5,0,16.7,14,5,9.6,NA,48,0,NK.HE.38,HE.38.H
2013,NK,HE,OTC,38,H,5.2,0,NA,20,3,7.666666667,NA,23,7,NK.HE.38,HE.38.H
2013,NK,HE,OTC,38,M,2.4,0,18.1,16,5,10.5,NA,52,0,NK.HE.38,HE.38.M
2013,NK,HE,OTC,38,M,4.4,0,24.5,23,7,10.5,13,76,3,NK.HE.38,HE.38.M
2013,NK,HE,OTC,38,M,5.5,0,7.4,8,1,3,NA,3,0,NK.HE.38,HE.38.M
2013,NK,HE,OTC,38,MT,2.5,0,NA,17,12,15,NA,180,0,NK.HE.38,HE.38.MT
2013,NK,HE,OTC,38,MT,3.2,0,13.1,10,1,6,NA,6,0,NK.HE.38,HE.38.MT
2013,NK,HE,OTC,38,MT,5.2,0,19.5,11,3,13,NA,39,0,NK.HE.38,HE.38.MT
2013,NK,HE,TR,39,HE,1.4,0,NA,22,12,13.33333333,NA,160,4,NK.HE.39,HE.39.HE
2013,NK,HE,TR,39,HE,1.5,0,22.4,21,14,14.6,8.5,174,1.8,NK.HE.39,HE.39.HE
2013,NK,HE,TR,39,HE,2.2,1,13,6,3,NA,10.66666667,32,3,NK.HE.39,HE.39.HE
2013,NK,HE,TR,39,HE,5.1,0,13,11,3,12,NA,36,0,NK.HE.39,HE.39.HE
2013,NK,HE,TR,39,HE,5.4,0,NA,20,1,13.75,10,14,0.25,NK.HE.39,HE.39.HE
2013,NK,HE,TR,39,HE,5.5,0,14.2,12,5,10.25,NA,51,1.25,NK.HE.39,HE.39.HE
2013,NK,HE,TR,39,F,1.1,0,15.7,28,10,12.5,5.333333333,104,0,NK.HE.39,HE.39.F
2013,NK,HE,TR,39,F,2.5,0,17.1,22,7,12.33333333,6,80,8,NK.HE.39,HE.39.F
2013,NK,HE,TR,39,L,1.1,1,11,17,6,NA,13.75,82,0,NK.HE.39,HE.39.L
2013,NK,HE,TR,39,M,1.2,0,NA,30,21,13.16666667,8,225,12.33333333,NK.HE.39,HE.39.M
2013,NK,HE,TR,39,M,1.4,0,NA,32,18,13.66666667,9,204,3,NK.HE.39,HE.39.M
2013,NK,HE,TR,39,M,4.5,0,NA,17,12,8.4,6,96,2,NK.HE.39,HE.39.M
2013,NK,HE,TR,39,MT,1.5,0,NA,18,9,12.66666667,NA,114,0,NK.HE.39,HE.39.MT
2013,NK,HE,TR,39,MT,2.1,0,15.6,10,4,10.33333333,NA,41,1.333333333,NK.HE.39,HE.39.MT
2013,NK,HE,TR,39,MT,2.5,0,13.1,8,3,14,NA,42,0,NK.HE.39,HE.39.MT
2013,NK,HE,TR,39,MT,5.3,0,20.1,23,16,12.25,5.166666667,139,4,NK.HE.39,HE.39.MT
2013,NK,HE,TR,39,MT,5.5,0,11.7,9,1,1,NA,1,0,NK.HE.39,HE.39.MT
2013,NK,HE,OTC,40,H,1.3,0,19.5,11,3,11.66666667,NA,35,0,NK.HE.40,HE.40.H
2013,NK,HE,OTC,40,MT,1.2,0,13.2,9,4,4,NA,16,0,NK.HE.40,HE.40.MT
2013,NK,HE,TR,41,F,1.5,0,14.2,27,8,11.33333333,6,75,0,NK.HE.41,HE.41.F
2013,NK,HE,TR,41,H,1.2,0,19.5,25,5,9.6,NA,48,2,NK.HE.41,HE.41.H
2013,NK,HE,TR,41,H,4.2,0,19.1,11,4,6.5,NA,26,0,NK.HE.41,HE.41.H
2013,NK,HE,TR,41,H,4.4,0,15,10,4,8.333333333,NA,33,0,NK.HE.41,HE.41.H
2013,NK,HE,TR,41,L,1.3,1,13.2,7,1,NA,15,15,1,NK.HE.41,HE.41.L
2013,NK,HE,TR,41,L,3.1,1,10.6,8,4,NA,8.666666667,35,0,NK.HE.41,HE.41.L
2013,NK,HE,TR,41,L,5.2,1,14.7,14,1,NA,4,4,0,NK.HE.41,HE.41.L
2013,NK,HE,TR,41,M,3.2,0,22.4,24,15,14.66666667,10,197,0,NK.HE.41,HE.41.M
2013,NK,HE,TR,41,MT,1.4,0,17.5,23,15,10,8.5,140,0,NK.HE.41,HE.41.MT
2013,NK,HE,OTC,42,H,1.4,0,NA,17,6,14.33333333,11,86,0,NK.HE.42,HE.42.H
2013,NK,HE,OTC,42,M,1.1,0,16.4,11,3,6.333333333,NA,19,0,NK.HE.42,HE.42.M
2013,NK,HE,OTC,42,MT,5.2,0,9.1,10,2,4,NA,8,0,NK.HE.42,HE.42.MT
2013,NK,HE,TR,43,F,1.3,0,18.4,16,5,8.25,NA,41,1.25,NK.HE.43,HE.43.F
2013,NK,HE,TR,43,F,2.1,0,NA,24,5,6.333333333,4,29,0,NK.HE.43,HE.43.F
2013,NK,HE,TR,43,F,3.5,0,14.2,16,4,6.666666667,NA,27,0,NK.HE.43,HE.43.F
2013,NK,HE,TR,43,F,4.2,0,17.6,16,6,11.25,NA,68,0,NK.HE.43,HE.43.F
2013,NK,HE,TR,43,L,5.1,0,20,12,5,6,NA,30,0,NK.HE.43,HE.43.L
2013,NK,HE,TR,43,M,3.5,0,19.1,15,7,11.66666667,NA,82,0,NK.HE.43,HE.43.M
2013,NK,HE,TR,43,M,5.5,0,18.8,25,6,11,11,66,1.666666667,NK.HE.43,HE.43.M
2013,NK,HE,TR,43,MT,2.5,0,8,10,2,3,NA,6,1,NK.HE.43,HE.43.MT
2013,NK,HE,TR,43,MT,3.3,0,9.1,9,4,10.25,NA,41,1,NK.HE.43,HE.43.MT
2013,NK,HE,TR,43,MT,3.4,0,17.7,15,6,13.25,NA,80,0,NK.HE.43,HE.43.MT
2013,NK,HE,TR,43,MT,3.5,0,17,15,5,12.33333333,NA,62,0,NK.HE.43,HE.43.MT
2013,NK,HE,OTC,44,H,1.4,1,22.4,8,1,8,NA,8,0,NK.HE.44,HE.44.H
2013,NK,HE,OTC,44,H,4.4,0,NA,11,5,13.5,NA,68,0,NK.HE.44,HE.44.H
2013,NK,HE,OTC,44,H,5.5,0,NA,12,7,13.66666667,NA,96,0,NK.HE.44,HE.44.H
2013,NK,HE,OTC,44,MT,1.2,0,16.8,8,1,9,NA,9,0,NK.HE.44,HE.44.MT
2013,NK,HE,OTC,44,MT,1.3,0,NA,11,3,14,NA,42,0,NK.HE.44,HE.44.MT
2013,NK,HE,OTC,44,MT,2.2,0,NA,11,1,14,NA,14,0,NK.HE.44,HE.44.MT
2013,NK,HE,TR,45,HE,1.5,1,4.8,17,5,NA,10.75,54,3.75,NK.HE.45,HE.45.HE
2013,NK,HE,TR,45,HE,2.5,1,NA,7,1,NA,4,4,2,NK.HE.45,HE.45.HE
2013,NK,HE,TR,45,HE,3.2,0,12.5,9,2,11,NA,22,0,NK.HE.45,HE.45.HE
2013,NK,HE,TR,45,HE,3.3,0,20.7,14,8,10.2,NA,82,0,NK.HE.45,HE.45.HE
2013,NK,HE,TR,45,HE,3.4,0,19,17,5,12,NA,60,4,NK.HE.45,HE.45.HE
2013,NK,HE,TR,45,HE,4.3,0,14.4,12,3,9,NA,27,0,NK.HE.45,HE.45.HE
2013,NK,HE,TR,45,HE,4.4,0,NA,14,4,11,NA,44,0,NK.HE.45,HE.45.HE
2013,NK,HE,TR,45,HE,4.5,0,20.1,18,6,11.66666667,NA,70,0,NK.HE.45,HE.45.HE
2013,NK,HE,TR,45,HE,5.2,0,21,14,5,12,NA,60,0,NK.HE.45,HE.45.HE
2013,NK,HE,TR,45,HE,5.3,0,19,16,7,12.25,NA,86,0,NK.HE.45,HE.45.HE
2013,NK,HE,TR,45,H,2.1,0,25.8,23,10,13,9,122,4.8,NK.HE.45,HE.45.H
2013,NK,HE,TR,45,L,2.4,1,11.8,6,3,NA,7,21,0,NK.HE.45,HE.45.L
2013,NK,HE,TR,45,L,4.3,0,15.5,18,2,11,NA,22,0,NK.HE.45,HE.45.L
2013,NK,HE,TR,45,L,4.4,0,14.3,12,5,12,NA,60,0,NK.HE.45,HE.45.L
2013,NK,HE,TR,45,L,5.1,2,NA,19,3,10.5,NA,32,0,NK.HE.45,HE.45.L
2013,NK,HE,TR,45,M,5.5,0,17.4,10,5,7.5,NA,38,0,NK.HE.45,HE.45.M
2013,NK,HE,OTC,46,H,4.2,0,14.1,10,2,12,NA,24,0,NK.HE.46,HE.46.H
2013,NK,HE,OTC,46,M,1.5,0,9.1,7,2,8,NA,16,3,NK.HE.46,HE.46.M
2013,NK,HE,OTC,46,M,2.2,0,16.2,11,4,11.25,NA,45,0,NK.HE.46,HE.46.M
2013,NK,HE,OTC,46,M,2.5,0,9.1,9,2,4,NA,8,3,NK.HE.46,HE.46.M
2013,NK,HE,OTC,46,MT,1.4,0,NA,9,4,3.5,NA,14,23,NK.HE.46,HE.46.MT
2013,NK,HE,TR,47,HE,1.5,0,23.7,21,7,13.4,6.5,94,0,NK.HE.47,HE.47.HE
2013,NK,HE,TR,47,HE,2.1,0,NA,17,10,12.8,9,124,0,NK.HE.47,HE.47.HE
2013,NK,HE,TR,47,HE,2.2,0,15.1,9,4,6.5,NA,26,0,NK.HE.47,HE.47.HE
2013,NK,HE,TR,47,HE,3.1,0,12.3,18,10,10.25,5,97,0,NK.HE.47,HE.47.HE
2013,NK,HE,TR,47,HE,3.4,0,18.1,15,6,10.2,NA,61,0,NK.HE.47,HE.47.HE
2013,NK,HE,TR,47,HE,5.2,0,20.2,17,4,10.8,NA,43,0,NK.HE.47,HE.47.HE
2013,NK,HE,TR,47,HE,5.3,0,22.5,15,8,9.333333333,NA,75,0,NK.HE.47,HE.47.HE
2013,NK,HE,TR,47,HE,5.5,0,NA,15,8,9.6,NA,77,6.4,NK.HE.47,HE.47.HE
2013,NK,HE,TR,47,F,4.4,0,14.1,23,5,13,4,56,0,NK.HE.47,HE.47.F
2013,NK,HE,TR,47,F,4.5,0,13.1,16,6,7.6,NA,46,0,NK.HE.47,HE.47.F
2013,NK,HE,TR,47,F,5.5,0,11.9,18,6,7.75,NA,46,0,NK.HE.47,HE.47.F
2013,NK,HE,TR,47,H,1.2,0,13.6,15,7,10.75,NA,75,0,NK.HE.47,HE.47.H
2013,NK,HE,TR,47,H,2.1,0,NA,19,6,9.6,NA,58,0,NK.HE.47,HE.47.H
2013,NK,HE,TR,47,H,2.3,0,13.2,14,5,9,NA,45,1.666666667,NK.HE.47,HE.47.H
2013,NK,HE,TR,47,H,3.2,1,NA,8,1,NA,6,6,0,NK.HE.47,HE.47.H
2013,NK,HE,TR,47,L,2.1,0,9.2,17,1,9,NA,9,0,NK.HE.47,HE.47.L
2013,NK,HE,TR,47,L,2.5,0,12.4,22,5,5.4,NA,27,0,NK.HE.47,HE.47.L
2013,NK,HE,TR,47,L,3.3,0,15.3,13,5,7.8,NA,39,1,NK.HE.47,HE.47.L
2013,NK,HE,TR,47,L,3.4,0,9.1,10,1,13,NA,13,0,NK.HE.47,HE.47.L
2013,NK,HE,TR,47,M,2.2,0,17.6,17,8,9.75,9,77,0,NK.HE.47,HE.47.M
2013,NK,HE,TR,47,M,2.4,0,18,16,7,10.75,NA,75,0,NK.HE.47,HE.47.M
2013,NK,HE,TR,47,M,3.4,0,20,14,8,11,NA,88,0,NK.HE.47,HE.47.M
2013,NK,HE,TR,47,M,3.5,0,16.6,17,2,7,NA,14,0,NK.HE.47,HE.47.M
2013,NK,HE,TR,47,M,4.4,0,23,26,14,9.25,7.5,121,7,NK.HE.47,HE.47.M
2013,NK,HE,TR,47,M,5.3,0,16.1,11,5,10,NA,50,0,NK.HE.47,HE.47.M
2013,NK,HE,TR,47,M,5.5,0,20.8,22,11,6.75,6.833333333,75,0,NK.HE.47,HE.47.M
2013,NK,HE,TR,47,MT,1.1,0,11.4,15,6,12.33333333,NA,74,2,NK.HE.47,HE.47.MT
2013,NK,HE,TR,47,MT,1.3,0,10.9,9,3,6,NA,18,0,NK.HE.47,HE.47.MT
2013,NK,HE,TR,47,MT,1.4,0,11.2,18,7,10.75,NA,75,0,NK.HE.47,HE.47.MT
2013,NK,HE,TR,47,MT,1.5,0,13.1,10,6,11,NA,66,0,NK.HE.47,HE.47.MT
2013,NK,HE,TR,47,MT,2.1,0,13.7,17,8,14,NA,112,0,NK.HE.47,HE.47.MT
2013,NK,HE,TR,47,MT,2.5,0,12.4,10,4,14,NA,56,0,NK.HE.47,HE.47.MT
2013,NK,HE,TR,47,MT,3.1,0,NA,21,5,14.5,14.5,72,0,NK.HE.47,HE.47.MT
2013,NK,HE,TR,47,MT,3.2,0,16.3,11,5,8,NA,40,1.666666667,NK.HE.47,HE.47.MT
2013,NK,HE,TR,47,MT,3.5,0,9.3,13,3,11.5,NA,34,0,NK.HE.47,HE.47.MT
2013,NK,HE,TR,47,MT,4.1,0,15.8,15,7,14.5,NA,102,0,NK.HE.47,HE.47.MT
2013,NK,HE,TR,47,MT,4.4,0,7,9,1,5,NA,5,1,NK.HE.47,HE.47.MT
2013,NK,HE,TR,47,MT,5.1,0,13.5,10,4,11.66666667,NA,47,0,NK.HE.47,HE.47.MT
2013,NK,HE,OTC,48,H,3.2,0,10.6,11,1,11,NA,11,0,NK.HE.48,HE.48.H
2013,NK,HE,OTC,48,H,3.5,0,9.7,10,2,7,NA,14,0,NK.HE.48,HE.48.H
2013,NK,HE,OTC,48,H,5.2,0,18.6,11,4,14.5,NA,58,0,NK.HE.48,HE.48.H
2013,NK,HE,OTC,48,M,1.2,0,11,8,1,2,NA,2,2,NK.HE.48,HE.48.M
2013,NK,HE,OTC,48,M,1.5,0,18.2,10,3,11.33333333,NA,34,0,NK.HE.48,HE.48.M
2013,NK,HE,OTC,48,M,2.1,0,17.5,11,3,9,NA,27,0,NK.HE.48,HE.48.M
2013,NK,HE,OTC,48,M,4.3,0,17.5,15,1,5,NA,5,0,NK.HE.48,HE.48.M
2013,NK,HE,OTC,48,M,5.1,0,13.8,9,2,12.5,NA,25,0,NK.HE.48,HE.48.M
2013,NK,HE,OTC,48,M,5.2,0,13.6,9,2,10,NA,20,0,NK.HE.48,HE.48.M
2013,NK,HE,OTC,48,M,5.3,0,13.7,9,2,7.5,NA,15,0,NK.HE.48,HE.48.M
2013,NK,HE,OTC,48,MT,4.1,0,7,8,2,3,NA,6,0,NK.HE.48,HE.48.MT
2013,NK,HE,TR,49,HE,1.4,0,NA,25,7,13.5,NA,94,0,NK.HE.49,HE.49.HE
2013,NK,HE,TR,49,HE,3.3,0,11.4,13,1,8,NA,8,1,NK.HE.49,HE.49.HE
2013,NK,HE,TR,49,F,3.4,0,NA,29,12,11.25,6.333333333,96,17,NK.HE.49,HE.49.F
2013,NK,HE,TR,49,F,4.4,0,NA,24,2,6.5,NA,13,0,NK.HE.49,HE.49.F
2013,NK,HE,TR,49,F,5.1,0,9.6,11,1,1,NA,1,0,NK.HE.49,HE.49.F
2013,NK,HE,TR,49,F,5.2,0,8.9,9,2,7.5,NA,15,0,NK.HE.49,HE.49.F
2013,NK,HE,TR,49,H,4.1,0,10.6,9,1,7,NA,7,1,NK.HE.49,HE.49.H
2013,NK,HE,TR,49,M,2.4,0,11.1,11,3,11.66666667,NA,35,0,NK.HE.49,HE.49.M
2013,NK,HE,TR,49,M,3.5,0,13.5,15,4,10.5,NA,42,0,NK.HE.49,HE.49.M
2013,NK,HE,TR,49,M,4.1,0,13.3,11,4,11,NA,44,0,NK.HE.49,HE.49.M
2013,NK,HE,TR,49,MT,2.4,0,7.1,9,3,12,NA,36,0,NK.HE.49,HE.49.MT
2013,NK,HE,TR,49,MT,2.5,0,6.8,8,3,11.5,NA,34,0,NK.HE.49,HE.49.MT
2013,NK,HE,TR,49,MT,3.3,0,9,10,2,9,NA,18,0,NK.HE.49,HE.49.MT
2013,NK,HE,TR,49,MT,4.2,0,12.7,10,3,13.33333333,NA,40,1,NK.HE.49,HE.49.MT
2013,NK,HE,TR,49,MT,4.4,0,12.8,25,8,9.6,NA,77,0,NK.HE.49,HE.49.MT
2013,NK,HE,TR,49,MT,4.5,0,8.2,8,2,6.5,NA,13,0,NK.HE.49,HE.49.MT
2013,NK,HE,TR,49,MT,5.1,0,19.5,15,7,13.33333333,NA,93,0,NK.HE.49,HE.49.MT
2013,NK,HE,OTC,50,H,1.4,0,NA,10,5,10,NA,50,0,NK.HE.50,HE.50.H
2013,NK,HE,OTC,50,H,1.5,0,17.5,11,4,11,NA,44,0,NK.HE.50,HE.50.H
2013,NK,HE,OTC,50,M,1.4,0,8.5,10,1,2,NA,2,0,NK.HE.50,HE.50.M
2013,NK,HE,OTC,50,M,2.3,0,17.1,12,4,15,NA,60,0,NK.HE.50,HE.50.M
2013,NK,HE,OTC,50,M,4.1,0,17.4,11,3,11.33333333,NA,34,0,NK.HE.50,HE.50.M
2013,NK,HE,OTC,50,M,4.2,0,NA,16,4,6.75,NA,27,0,NK.HE.50,HE.50.M
2013,NK,HE,OTC,50,M,4.5,0,13,9,2,11,NA,22,0,NK.HE.50,HE.50.M
2013,NK,HE,OTC,50,M,5.2,0,8.1,10,2,4.5,NA,9,0,NK.HE.50,HE.50.M
2013,NK,HE,OTC,50,MT,4.3,0,16.7,12,6,9.666666667,NA,58,1,NK.HE.50,HE.50.MT
2013,NK,HE,OTC,50,MT,4.4,0,8.9,11,5,4.4,NA,22,0,NK.HE.50,HE.50.MT
2013,NK,HE,OTC,50,MT,5.2,0,10.4,9,3,10.33333333,NA,31,0,NK.HE.50,HE.50.MT
2013,NK,HE,OTC,50,MT,5.4,0,11.8,9,3,14.5,NA,44,1.5,NK.HE.50,HE.50.MT
2013,NK,L,TR,21,H,2.4,1,NA,8,1,7,NA,7,1.5,NK.L.21,L.21.H
2013,NK,L,TR,21,H,5.5,1,13.1,8,2,3.5,NA,7,0,NK.L.21,L.21.H
2013,NK,L,TR,21,L,1.4,0,NA,24,11,13,1,95,7,NK.L.21,L.21.L
2013,NK,L,TR,21,L,3.4,0,NA,11,3,7.5,NA,22,1.5,NK.L.21,L.21.L
2013,NK,L,TR,21,L,4.3,0,NA,26,15,9.857142857,7.75,137,2.857142857,NK.L.21,L.21.L
2013,NK,L,TR,21,L,5.1,1,18.7,11,2,8,NA,16,0,NK.L.21,L.21.L
2013,NK,L,TR,22,H,2.1,0,NA,12,6,6.666666667,NA,40,0,NK.L.22,L.22.H
2013,NK,L,TR,22,H,3.5,0,NA,11,9,7.25,NA,65,0,NK.L.22,L.22.H
2013,NK,L,TR,22,H,4.4,0,12.6,9,2,12,NA,24,0,NK.L.22,L.22.H
2013,NK,L,TR,22,H,5.3,0,9.3,9,2,8,NA,16,0,NK.L.22,L.22.H
2013,NK,L,TR,22,H,5.4,0,7.2,8,1,2,NA,2,3,NK.L.22,L.22.H
2013,NK,L,TR,22,L,2.2,1,15.1,7,2,NA,1,2,2,NK.L.22,L.22.L
2013,NK,L,TR,22,M,2.5,0,12.2,9,2,4.333333334,NA,9,0,NK.L.22,L.22.M
2013,NK,L,TR,22,M,4.5,0,18.2,16,6,6.5,2,34,16.25,NK.L.22,L.22.M
2013,NK,L,TR,23,L,3.2,0,15.2,13,3,7.5,NA,22,1.5,NK.L.23,L.23.L
2013,NK,L,TR,23,L,4.3,1,NA,7,3,11,NA,33,0,NK.L.23,L.23.L
2013,NK,L,TR,23,M,4.3,1,16.6,10,5,9.2,NA,46,0,NK.L.23,L.23.M
2013,NK,L,TR,23,M,5.5,0,NA,26,8,9.2,8,70,1,NK.L.23,L.23.M
2013,NK,L,TR,24,H,1.2,0,NA,25,16,7.8,4.666666667,106,32,NK.L.24,L.24.H
2013,NK,L,TR,24,H,4.2,0,NA,37,29,11.28571429,8,271,1.714285714,NK.L.24,L.24.H
2013,NK,L,TR,24,L,4.1,0,NA,33,4,10,NA,40,0,NK.L.24,L.24.L
2013,NK,L,TR,24,L,5.3,0,17.1,9,4,11.66666667,NA,47,2.666666667,NK.L.24,L.24.L
2013,NK,L,TR,24,M,5.5,0,17.1,11,5,7.8,NA,39,1,NK.L.24,L.24.M
2013,NK,L,TR,25,H,5.1,0,18.5,13,4,5.5,NA,22,0,NK.L.25,L.25.H
2013,NK,L,TR,25,L,1.1,1,NA,25,4,NA,5.5,22,4,NK.L.25,L.25.L
2013,NK,L,TR,25,L,1.3,1,NA,7,3,NA,12.66666667,38,0,NK.L.25,L.25.L
2013,NK,L,TR,25,L,2.4,1,17.3,20,5,NA,0.6,3,3,NK.L.25,L.25.L
2013,NK,L,TR,25,L,2.5,1,NA,5,6,NA,2,12,22.5,NK.L.25,L.25.L
2013,NK,L,TR,25,L,3.5,1,19,16,6,NA,11,66,0,NK.L.25,L.25.L
2013,NK,L,TR,25,L,4.5,0,14.6,10,4,7,NA,28,0,NK.L.25,L.25.L
2013,NK,M,TR,31,M,2.2,0,16.5,9,4,12,NA,48,0,NK.M.31,M.31.M
2013,NK,M,TR,32,H,1.4,1,NA,10,3,13,9,27,0,NK.M.32,M.32.H
2013,NK,M,TR,33,H,4.1,1,18.6,21,6,NA,10.5,63,1.5,NK.M.33,M.33.H
2013,NK,M,TR,33,H,5.2,0,21.4,20,5,11.6,NA,58,0,NK.M.33,M.33.H
2013,NK,M,TR,35,H,5.2,0,12,8,3,5.333333333,NA,16,0,NK.M.35,M.35.H
2013,NK,M,TR,35,L,2.2,1,21.6,39,17,NA,4.333333333,74,0,NK.M.35,M.35.L